turn,time_elapsed,event_type,clan,province,units,provinces,damage,units_lost
1,9.3,TURN_SNAPSHOT,Tada,,0,1,0,0
1,9.3,TURN_SNAPSHOT,Date,,600,1,0,0
1,9.3,TURN_SNAPSHOT,Nori,,0,1,0,0
1,9.3,TURN_SNAPSHOT,Abe,,471,2,0,0
2,1.3,TURN_SNAPSHOT,Tada,,0,1,0,0
2,1.3,TURN_SNAPSHOT,Date,,600,1,0,0
2,1.3,TURN_SNAPSHOT,Nori,,0,1,0,0
2,1.3,TURN_SNAPSHOT,Abe,,471,2,0,0
3,0.6,TURN_SNAPSHOT,Tada,,0,1,0,0
3,0.6,TURN_SNAPSHOT,Date,,600,1,0,0
3,0.6,TURN_SNAPSHOT,Nori,,0,1,0,0
3,0.6,TURN_SNAPSHOT,Abe,,471,2,0,0
4,3.8,TURN_SNAPSHOT,Tada,,0,1,0,0
4,3.8,TURN_SNAPSHOT,Date,,600,1,0,0
4,3.8,TURN_SNAPSHOT,Nori,,0,1,0,0
4,3.8,TURN_SNAPSHOT,Abe,,471,2,0,0
5,0.2,RECRUIT,Date,Mutsu,90,1,0,0
5,0.2,TURN_SNAPSHOT,Tada,,0,1,0,0
5,0.2,TURN_SNAPSHOT,Date,,2400,1,0,0
5,0.2,TURN_SNAPSHOT,Nori,,0,1,0,0
5,0.2,TURN_SNAPSHOT,Abe,,471,2,0,0
6,2.6,TURN_SNAPSHOT,Tada,,0,1,0,0
6,2.6,TURN_SNAPSHOT,Date,,2400,1,0,0
6,2.6,TURN_SNAPSHOT,Nori,,0,1,0,0
6,2.6,TURN_SNAPSHOT,Abe,,471,2,0,0
7,1.9,TURN_SNAPSHOT,Tada,,0,1,0,0
7,1.9,TURN_SNAPSHOT,Date,,2400,1,0,0
7,1.9,TURN_SNAPSHOT,Nori,,0,1,0,0
7,1.9,TURN_SNAPSHOT,Abe,,2083,2,0,0
8,2.0,TURN_SNAPSHOT,Tada,,0,1,0,0
8,2.0,TURN_SNAPSHOT,Date,,2400,2,0,0
8,2.0,TURN_SNAPSHOT,Nori,,0,1,0,0
8,2.0,TURN_SNAPSHOT,Abe,,3695,2,0,0
9,1.1,TURN_SNAPSHOT,Tada,,0,1,0,0
9,1.1,TURN_SNAPSHOT,Date,,2400,2,0,0
9,1.1,TURN_SNAPSHOT,Nori,,0,1,0,0
9,1.1,TURN_SNAPSHOT,Abe,,5307,2,0,0
10,5.1,TURN_SNAPSHOT,Tada,,0,1,0,0
10,5.1,TURN_SNAPSHOT,Date,,2400,2,0,0
10,5.1,TURN_SNAPSHOT,Nori,,0,1,0,0
10,5.1,TURN_SNAPSHOT,Abe,,6919,2,0,0
11,1.4,TURN_SNAPSHOT,Tada,,0,1,0,0
11,1.4,TURN_SNAPSHOT,Date,,2400,2,0,0
11,1.4,TURN_SNAPSHOT,Nori,,0,1,0,0
11,1.4,TURN_SNAPSHOT,Abe,,8531,2,0,0
12,0.3,RECRUIT,Date,Mutsu,110,2,0,0
12,0.3,TURN_SNAPSHOT,Tada,,0,1,0,0
12,0.3,TURN_SNAPSHOT,Date,,5700,2,0,0
12,0.3,TURN_SNAPSHOT,Nori,,0,1,0,0
12,0.3,TURN_SNAPSHOT,Abe,,10143,2,0,0
13,2.4,TURN_SNAPSHOT,Tada,,0,1,0,0
13,2.4,TURN_SNAPSHOT,Date,,5700,2,0,0
13,2.4,TURN_SNAPSHOT,Nori,,0,1,0,0
13,2.4,TURN_SNAPSHOT,Abe,,11755,2,0,0
14,5.8,TURN_SNAPSHOT,Tada,,0,1,0,0
14,5.8,TURN_SNAPSHOT,Date,,5700,3,0,0
14,5.8,TURN_SNAPSHOT,Nori,,0,1,0,0
14,5.8,TURN_SNAPSHOT,Abe,,13367,2,0,0
15,17.0,TURN_SNAPSHOT,Tada,,7297,2,0,0
15,17.0,TURN_SNAPSHOT,Date,,5700,3,0,0
15,17.0,TURN_SNAPSHOT,Nori,,0,0,0,0
15,17.0,TURN_SNAPSHOT,Abe,,14979,2,0,0
16,1.0,TURN_SNAPSHOT,Tada,,20608,3,0,0
16,1.0,TURN_SNAPSHOT,Date,,5700,3,0,0
16,1.0,TURN_SNAPSHOT,Nori,,0,0,0,0
16,1.0,TURN_SNAPSHOT,Abe,,16591,2,0,0
17,0.8,TURN_SNAPSHOT,Tada,,33918,4,0,0
17,0.8,TURN_SNAPSHOT,Date,,5700,3,0,0
17,0.8,TURN_SNAPSHOT,Nori,,0,0,0,0
17,0.8,TURN_SNAPSHOT,Abe,,24279,3,0,0
18,4.2,TURN_SNAPSHOT,Tada,,50193,4,0,0
18,4.2,TURN_SNAPSHOT,Date,,5700,3,0,0
18,4.2,TURN_SNAPSHOT,Nori,,0,0,0,0
18,4.2,TURN_SNAPSHOT,Abe,,32091,3,0,0
19,1.6,TURN_SNAPSHOT,Tada,,66468,4,0,0
19,1.6,TURN_SNAPSHOT,Date,,5700,3,0,0
19,1.6,TURN_SNAPSHOT,Nori,,0,0,0,0
19,1.6,TURN_SNAPSHOT,Abe,,39903,3,0,0
20,0.3,TURN_SNAPSHOT,Tada,,82743,4,0,0
20,0.3,TURN_SNAPSHOT,Date,,5700,3,0,0
20,0.3,TURN_SNAPSHOT,Nori,,0,0,0,0
20,0.3,TURN_SNAPSHOT,Abe,,47715,3,0,0
21,40.5,TURN_SNAPSHOT,Tada,,99018,4,0,0
21,40.5,TURN_SNAPSHOT,Date,,5700,3,0,0
21,40.5,TURN_SNAPSHOT,Nori,,0,0,0,0
21,40.5,TURN_SNAPSHOT,Abe,,55527,3,0,0
22,0.3,RECRUIT,Date,Dewa,110,3,0,0
22,0.3,RECRUIT,Date,Sendai,110,3,0,0
22,0.3,TURN_SNAPSHOT,Tada,,115293,4,0,0
22,0.3,TURN_SNAPSHOT,Date,,12300,3,0,0
22,0.3,TURN_SNAPSHOT,Nori,,0,0,0,0
22,0.3,TURN_SNAPSHOT,Abe,,63339,3,0,0
23,0.7,TURN_SNAPSHOT,Tada,,131568,4,0,0
23,0.7,TURN_SNAPSHOT,Date,,12300,3,0,0
23,0.7,TURN_SNAPSHOT,Nori,,0,0,0,0
23,0.7,TURN_SNAPSHOT,Abe,,71151,3,0,0
24,2.8,TURN_SNAPSHOT,Tada,,147843,4,0,0
24,2.8,TURN_SNAPSHOT,Date,,12300,3,0,0
24,2.8,TURN_SNAPSHOT,Nori,,0,0,0,0
24,2.8,TURN_SNAPSHOT,Abe,,78963,3,0,0
25,0.4,RECRUIT,Date,Dewa,110,3,0,0
25,0.4,RECRUIT,Date,Sendai,110,3,0,0
25,0.4,TURN_SNAPSHOT,Tada,,164118,4,0,0
25,0.4,TURN_SNAPSHOT,Date,,18900,3,0,0
25,0.4,TURN_SNAPSHOT,Nori,,0,0,0,0
25,0.4,TURN_SNAPSHOT,Abe,,86775,3,0,0
26,8.2,TURN_SNAPSHOT,Tada,,180393,4,0,0
26,8.2,TURN_SNAPSHOT,Date,,18900,3,0,0
26,8.2,TURN_SNAPSHOT,Nori,,0,0,0,0
26,8.2,TURN_SNAPSHOT,Abe,,94587,3,0,0
27,0.2,RECRUIT,Date,Dewa,110,3,0,0
27,0.2,RECRUIT,Date,Dewa,110,3,0,0
27,0.2,RECRUIT,Date,Sendai,110,3,0,0
27,0.2,RECRUIT,Date,Sendai,110,3,0,0
27,0.2,RECRUIT,Date,Sendai,110,3,0,0
27,0.2,TURN_SNAPSHOT,Tada,,196668,4,0,0
27,0.2,TURN_SNAPSHOT,Date,,35400,3,0,0
27,0.2,TURN_SNAPSHOT,Nori,,0,0,0,0
27,0.2,TURN_SNAPSHOT,Abe,,94587,3,0,0
28,4.1,TURN_SNAPSHOT,Tada,,212943,4,0,0
28,4.1,TURN_SNAPSHOT,Date,,35400,3,0,0
28,4.1,TURN_SNAPSHOT,Nori,,0,0,0,0
28,4.1,TURN_SNAPSHOT,Abe,,94587,3,0,0
29,0.2,RECRUIT,Date,Dewa,110,3,0,0
29,0.2,RECRUIT,Date,Dewa,110,3,0,0
29,0.2,RECRUIT,Date,Dewa,110,3,0,0
29,0.2,RECRUIT,Date,Sendai,110,3,0,0
29,0.2,RECRUIT,Date,Sendai,110,3,0,0
29,0.2,RECRUIT,Date,Sendai,110,3,0,0
29,0.2,TURN_SNAPSHOT,Tada,,229218,4,0,0
29,0.2,TURN_SNAPSHOT,Date,,55200,3,0,0
29,0.2,TURN_SNAPSHOT,Nori,,0,0,0,0
29,0.2,TURN_SNAPSHOT,Abe,,94587,3,0,0
30,4.4,TURN_SNAPSHOT,Tada,,245493,4,0,0
30,4.4,TURN_SNAPSHOT,Date,,55200,3,0,0
30,4.4,TURN_SNAPSHOT,Nori,,0,0,0,0
30,4.4,TURN_SNAPSHOT,Abe,,94587,3,0,0
31,0.2,RECRUIT,Date,Dewa,110,3,0,0
31,0.2,RECRUIT,Date,Dewa,110,3,0,0
31,0.2,RECRUIT,Date,Dewa,110,3,0,0
31,0.2,RECRUIT,Date,Sendai,110,3,0,0
31,0.2,RECRUIT,Date,Sendai,110,3,0,0
31,0.2,RECRUIT,Date,Sendai,110,3,0,0
31,0.2,TURN_SNAPSHOT,Tada,,269906,4,0,0
31,0.2,TURN_SNAPSHOT,Date,,75000,3,0,0
31,0.2,TURN_SNAPSHOT,Nori,,0,0,0,0
31,0.2,TURN_SNAPSHOT,Abe,,94587,3,0,0
32,26.3,TURN_SNAPSHOT,Tada,,302456,4,0,0
32,26.3,TURN_SNAPSHOT,Date,,75000,3,0,0
32,26.3,TURN_SNAPSHOT,Nori,,0,0,0,0
32,26.3,TURN_SNAPSHOT,Abe,,94587,3,0,0
33,3.0,TURN_SNAPSHOT,Tada,,335006,4,0,0
33,3.0,TURN_SNAPSHOT,Date,,75000,3,0,0
33,3.0,TURN_SNAPSHOT,Nori,,0,0,0,0
33,3.0,TURN_SNAPSHOT,Abe,,94587,3,0,0
34,1.0,TURN_SNAPSHOT,Tada,,367556,4,0,0
34,1.0,TURN_SNAPSHOT,Date,,75000,3,0,0
34,1.0,TURN_SNAPSHOT,Nori,,0,0,0,0
34,1.0,TURN_SNAPSHOT,Abe,,94587,3,0,0
35,6.9,BATTLE_WIN,Date,Kanto,32711,5,35400,1155
35,6.9,TURN_SNAPSHOT,Tada,,400106,4,0,0
35,6.9,TURN_SNAPSHOT,Date,,42400,5,0,0
35,6.9,TURN_SNAPSHOT,Nori,,0,0,0,0
35,6.9,TURN_SNAPSHOT,Abe,,61876,3,0,0
36,5.3,TURN_SNAPSHOT,Tada,,432656,4,0,0
36,5.3,TURN_SNAPSHOT,Date,,42400,5,0,0
36,5.3,TURN_SNAPSHOT,Nori,,0,0,0,0
36,5.3,TURN_SNAPSHOT,Abe,,61876,3,0,0
37,0.2,TURN_SNAPSHOT,Tada,,465206,4,0,0
37,0.2,TURN_SNAPSHOT,Date,,42400,5,0,0
37,0.2,TURN_SNAPSHOT,Nori,,0,0,0,0
37,0.2,TURN_SNAPSHOT,Abe,,61876,3,0,0
38,0.2,TURN_SNAPSHOT,Tada,,497756,4,0,0
38,0.2,TURN_SNAPSHOT,Date,,42400,5,0,0
38,0.2,TURN_SNAPSHOT,Nori,,0,0,0,0
38,0.2,TURN_SNAPSHOT,Abe,,61876,3,0,0
39,3.1,TURN_SNAPSHOT,Tada,,530306,4,0,0
39,3.1,TURN_SNAPSHOT,Date,,42400,5,0,0
39,3.1,TURN_SNAPSHOT,Nori,,0,0,0,0
39,3.1,TURN_SNAPSHOT,Abe,,61876,3,0,0
40,0.1,RECRUIT,Date,Kanto,90,5,0,0
40,0.1,RECRUIT,Date,Kanto,90,5,0,0
40,0.1,RECRUIT,Date,Kanto,90,5,0,0
40,0.1,RECRUIT,Date,Shimosa,90,5,0,0
40,0.1,RECRUIT,Date,Shimosa,90,5,0,0
40,0.1,RECRUIT,Date,Shimosa,90,5,0,0
40,0.1,BATTLE_WIN,Date,Kanto,1612,5,8200,71
40,0.1,TURN_SNAPSHOT,Tada,,562856,4,0,0
40,0.1,TURN_SNAPSHOT,Date,,51630,5,0,0
40,0.1,TURN_SNAPSHOT,Nori,,0,0,0,0
40,0.1,TURN_SNAPSHOT,Abe,,61876,3,0,0
41,3.7,BATTLE_WIN,Date,Kanto,1612,5,6630,71
41,3.7,TURN_SNAPSHOT,Tada,,595406,4,0,0
41,3.7,TURN_SNAPSHOT,Date,,50010,5,0,0
41,3.7,TURN_SNAPSHOT,Nori,,0,0,0,0
41,3.7,TURN_SNAPSHOT,Abe,,68076,3,0,0
42,1.7,BATTLE_WIN,Date,Kanto,1612,6,5010,71
42,1.7,TURN_SNAPSHOT,Tada,,627956,4,0,0
42,1.7,TURN_SNAPSHOT,Date,,48390,6,0,0
42,1.7,TURN_SNAPSHOT,Nori,,0,0,0,0
42,1.7,TURN_SNAPSHOT,Abe,,74276,3,0,0
43,5.9,BATTLE_WIN,Date,Kanto,1612,6,3390,72
43,5.9,TURN_SNAPSHOT,Tada,,660506,4,0,0
43,5.9,TURN_SNAPSHOT,Date,,46770,6,0,0
43,5.9,TURN_SNAPSHOT,Nori,,0,0,0,0
43,5.9,TURN_SNAPSHOT,Abe,,80476,3,0,0
44,1.0,AMBUSH_WIN,Date,Kanto,0,6,0,0
44,1.0,SIEGE_WIN,Date,Musashi,620,7,1770,28
44,1.0,RECRUIT,Date,Musashi,130,7,0,0
44,1.0,BATTLE_LOSS,Date,Musashi,12276,7,2752,811
44,1.0,TURN_SNAPSHOT,Tada,,693056,4,0,0
44,1.0,TURN_SNAPSHOT,Date,,45000,7,0,0
44,1.0,TURN_SNAPSHOT,Nori,,0,0,0,0
44,1.0,TURN_SNAPSHOT,Abe,,90148,2,0,0
45,5.3,RECRUIT,Date,Musashi,130,7,0,0
45,5.3,REBELLION,Date,Dewa,0,6,0,0
45,5.3,REBELLION,Date,Sendai,0,5,0,0
45,5.3,BATTLE_LOSS,Date,Musashi,15748,5,1612,1270
45,5.3,TURN_SNAPSHOT,Tada,,725606,4,0,0
45,5.3,TURN_SNAPSHOT,Date,,45000,5,0,0
45,5.3,TURN_SNAPSHOT,Nori,,0,0,0,0
45,5.3,TURN_SNAPSHOT,Abe,,100936,2,0,0
46,0.2,RECRUIT,Date,Kanto,90,5,0,0
46,0.2,RECRUIT,Date,Kanto,90,5,0,0
46,0.2,RECRUIT,Date,Kanto,90,5,0,0
46,0.2,RECRUIT,Date,Shimosa,90,5,0,0
46,0.2,RECRUIT,Date,Shimosa,90,5,0,0
46,0.2,RECRUIT,Date,Shimosa,90,5,0,0
46,0.2,BATTLE_WIN,Date,Suruga,20336,5,45000,718
46,0.2,TURN_SNAPSHOT,Tada,,733743,4,0,0
46,0.2,TURN_SNAPSHOT,Date,,35460,5,0,0
46,0.2,TURN_SNAPSHOT,Nori,,0,0,0,0
46,0.2,TURN_SNAPSHOT,Abe,,93000,2,0,0
47,2.5,BATTLE_WIN,Date,Suruga,6200,5,24660,219
47,2.5,TURN_SNAPSHOT,Tada,,733743,4,0,0
47,2.5,TURN_SNAPSHOT,Date,,29250,5,0,0
47,2.5,TURN_SNAPSHOT,Nori,,0,0,0,0
47,2.5,TURN_SNAPSHOT,Abe,,99200,2,0,0
48,0.2,BATTLE_WIN,Date,Suruga,6200,5,18450,219
48,0.2,TURN_SNAPSHOT,Tada,,750018,4,0,0
48,0.2,TURN_SNAPSHOT,Date,,23040,5,0,0
48,0.2,TURN_SNAPSHOT,Nori,,0,0,0,0
48,0.2,TURN_SNAPSHOT,Abe,,105400,2,0,0
49,0.3,BATTLE_WIN,Date,Suruga,6200,5,12240,219
49,0.3,TURN_SNAPSHOT,Tada,,766293,4,0,0
49,0.3,TURN_SNAPSHOT,Date,,16860,5,0,0
49,0.3,TURN_SNAPSHOT,Nori,,0,0,0,0
49,0.3,TURN_SNAPSHOT,Abe,,111600,2,0,0
50,5.5,BATTLE_LOSS,Date,Suruga,6200,5,6060,219
50,5.5,TURN_SNAPSHOT,Tada,,766293,4,0,0
50,5.5,TURN_SNAPSHOT,Date,,10800,5,0,0
50,5.5,TURN_SNAPSHOT,Nori,,0,0,0,0
50,5.5,TURN_SNAPSHOT,Abe,,117955,2,0,0
51,0.5,RECRUIT,Date,Kanto,90,5,0,0
51,0.5,RECRUIT,Date,Kanto,90,5,0,0
51,0.5,RECRUIT,Date,Shimosa,90,5,0,0
51,0.5,RECRUIT,Date,Shimosa,90,5,0,0
51,0.5,RECRUIT,Date,Shimosa,90,5,0,0
51,0.5,TURN_SNAPSHOT,Tada,,766293,4,0,0
51,0.5,TURN_SNAPSHOT,Date,,19800,5,0,0
51,0.5,TURN_SNAPSHOT,Nori,,0,0,0,0
51,0.5,TURN_SNAPSHOT,Abe,,130355,2,0,0
52,0.5,TURN_SNAPSHOT,Tada,,766293,4,0,0
52,0.5,TURN_SNAPSHOT,Date,,19800,5,0,0
52,0.5,TURN_SNAPSHOT,Nori,,0,0,0,0
52,0.5,TURN_SNAPSHOT,Abe,,142755,2,0,0
53,9.4,TURN_SNAPSHOT,Tada,,766293,4,0,0
53,9.4,TURN_SNAPSHOT,Date,,19800,5,0,0
53,9.4,TURN_SNAPSHOT,Nori,,0,0,0,0
53,9.4,TURN_SNAPSHOT,Abe,,155155,2,0,0
54,1.4,RECRUIT,Date,Kanto,90,5,0,0
54,1.4,RECRUIT,Date,Kanto,90,5,0,0
54,1.4,RECRUIT,Date,Kanto,90,5,0,0
54,1.4,RECRUIT,Date,Shimosa,90,5,0,0
54,1.4,RECRUIT,Date,Shimosa,90,5,0,0
54,1.4,RECRUIT,Date,Shimosa,90,5,0,0
54,1.4,TURN_SNAPSHOT,Tada,,766293,4,0,0
54,1.4,TURN_SNAPSHOT,Date,,30600,5,0,0
54,1.4,TURN_SNAPSHOT,Nori,,0,0,0,0
54,1.4,TURN_SNAPSHOT,Abe,,167555,2,0,0
55,2.3,TURN_SNAPSHOT,Tada,,766293,4,0,0
55,2.3,TURN_SNAPSHOT,Date,,30600,5,0,0
55,2.3,TURN_SNAPSHOT,Nori,,0,0,0,0
55,2.3,TURN_SNAPSHOT,Abe,,179955,2,0,0
56,1.0,TURN_SNAPSHOT,Tada,,766293,4,0,0
56,1.0,TURN_SNAPSHOT,Date,,30600,5,0,0
56,1.0,TURN_SNAPSHOT,Nori,,0,0,0,0
56,1.0,TURN_SNAPSHOT,Abe,,192355,2,0,0
57,0.5,TURN_SNAPSHOT,Tada,,766293,4,0,0
57,0.5,TURN_SNAPSHOT,Date,,30600,5,0,0
57,0.5,TURN_SNAPSHOT,Nori,,0,0,0,0
57,0.5,TURN_SNAPSHOT,Abe,,204755,2,0,0
58,5.9,TURN_SNAPSHOT,Tada,,766293,4,0,0
58,5.9,TURN_SNAPSHOT,Date,,30600,5,0,0
58,5.9,TURN_SNAPSHOT,Nori,,0,0,0,0
58,5.9,TURN_SNAPSHOT,Abe,,217155,2,0,0
59,3.7,TURN_SNAPSHOT,Tada,,766293,4,0,0
59,3.7,TURN_SNAPSHOT,Date,,30600,5,0,0
59,3.7,TURN_SNAPSHOT,Nori,,0,0,0,0
59,3.7,TURN_SNAPSHOT,Abe,,229555,2,0,0
60,1.1,TURN_SNAPSHOT,Tada,,766293,4,0,0
60,1.1,TURN_SNAPSHOT,Date,,30600,5,0,0
60,1.1,TURN_SNAPSHOT,Nori,,0,0,0,0
60,1.1,TURN_SNAPSHOT,Abe,,241955,2,0,0
61,1.0,SIEGE_WIN,Date,Dewa,450,6,14400,22
61,1.0,REBELLION,Date,Musashi,0,5,0,0
61,1.0,TURN_SNAPSHOT,Tada,,766293,4,0,0
61,1.0,TURN_SNAPSHOT,Date,,30160,5,0,0
61,1.0,TURN_SNAPSHOT,Nori,,0,0,0,0
61,1.0,TURN_SNAPSHOT,Abe,,241955,2,0,0
62,1.5,TURN_SNAPSHOT,Tada,,766293,4,0,0
62,1.5,TURN_SNAPSHOT,Date,,30160,5,0,0
62,1.5,TURN_SNAPSHOT,Nori,,0,0,0,0
62,1.5,TURN_SNAPSHOT,Abe,,241955,2,0,0
63,3.2,TURN_SNAPSHOT,Tada,,766293,4,0,0
63,3.2,TURN_SNAPSHOT,Date,,30160,5,0,0
63,3.2,TURN_SNAPSHOT,Nori,,0,0,0,0
63,3.2,TURN_SNAPSHOT,Abe,,241955,2,0,0
64,2.3,TURN_SNAPSHOT,Tada,,766293,4,0,0
64,2.3,TURN_SNAPSHOT,Date,,30160,5,0,0
64,2.3,TURN_SNAPSHOT,Nori,,0,0,0,0
64,2.3,TURN_SNAPSHOT,Abe,,241955,2,0,0
65,1.0,TURN_SNAPSHOT,Tada,,766293,4,0,0
65,1.0,TURN_SNAPSHOT,Date,,30160,5,0,0
65,1.0,TURN_SNAPSHOT,Nori,,0,0,0,0
65,1.0,TURN_SNAPSHOT,Abe,,241955,2,0,0
66,0.9,TURN_SNAPSHOT,Tada,,766293,4,0,0
66,0.9,TURN_SNAPSHOT,Date,,30160,5,0,0
66,0.9,TURN_SNAPSHOT,Nori,,0,0,0,0
66,0.9,TURN_SNAPSHOT,Abe,,241955,2,0,0
67,1.0,SIEGE_WIN,Date,Sendai,450,6,16200,22
67,1.0,TURN_SNAPSHOT,Tada,,766293,4,0,0
67,1.0,TURN_SNAPSHOT,Date,,29720,6,0,0
67,1.0,TURN_SNAPSHOT,Nori,,0,0,0,0
67,1.0,TURN_SNAPSHOT,Abe,,241955,2,0,0
68,2.5,TURN_SNAPSHOT,Tada,,766293,4,0,0
68,2.5,TURN_SNAPSHOT,Date,,29720,6,0,0
68,2.5,TURN_SNAPSHOT,Nori,,0,0,0,0
68,2.5,TURN_SNAPSHOT,Abe,,241955,2,0,0
69,0.1,TURN_SNAPSHOT,Tada,,766293,4,0,0
69,0.1,TURN_SNAPSHOT,Date,,29720,6,0,0
69,0.1,TURN_SNAPSHOT,Nori,,0,0,0,0
69,0.1,TURN_SNAPSHOT,Abe,,241955,2,0,0
70,0.3,TURN_SNAPSHOT,Tada,,766293,4,0,0
70,0.3,TURN_SNAPSHOT,Date,,29720,6,0,0
70,0.3,TURN_SNAPSHOT,Nori,,0,0,0,0
70,0.3,TURN_SNAPSHOT,Abe,,241955,2,0,0
71,1.8,TURN_SNAPSHOT,Tada,,766293,4,0,0
71,1.8,TURN_SNAPSHOT,Date,,29720,6,0,0
71,1.8,TURN_SNAPSHOT,Nori,,0,0,0,0
71,1.8,TURN_SNAPSHOT,Abe,,241955,2,0,0
72,0.2,TURN_SNAPSHOT,Tada,,766293,4,0,0
72,0.2,TURN_SNAPSHOT,Date,,29720,6,0,0
72,0.2,TURN_SNAPSHOT,Nori,,0,0,0,0
72,0.2,TURN_SNAPSHOT,Abe,,241955,2,0,0
73,0.3,TURN_SNAPSHOT,Tada,,766293,4,0,0
73,0.3,TURN_SNAPSHOT,Date,,29720,6,0,0
73,0.3,TURN_SNAPSHOT,Nori,,0,0,0,0
73,0.3,TURN_SNAPSHOT,Abe,,241955,2,0,0
74,3.0,TURN_SNAPSHOT,Tada,,766293,4,0,0
74,3.0,TURN_SNAPSHOT,Date,,29720,6,0,0
74,3.0,TURN_SNAPSHOT,Nori,,0,0,0,0
74,3.0,TURN_SNAPSHOT,Abe,,241955,2,0,0
75,0.3,TURN_SNAPSHOT,Tada,,766293,4,0,0
75,0.3,TURN_SNAPSHOT,Date,,29720,6,0,0
75,0.3,TURN_SNAPSHOT,Nori,,0,0,0,0
75,0.3,TURN_SNAPSHOT,Abe,,241955,2,0,0
76,0.6,TURN_SNAPSHOT,Tada,,766293,4,0,0
76,0.6,TURN_SNAPSHOT,Date,,29720,6,0,0
76,0.6,TURN_SNAPSHOT,Nori,,0,0,0,0
76,0.6,TURN_SNAPSHOT,Abe,,241955,2,0,0
77,2.4,TURN_SNAPSHOT,Tada,,766293,4,0,0
77,2.4,TURN_SNAPSHOT,Date,,29720,6,0,0
77,2.4,TURN_SNAPSHOT,Nori,,0,0,0,0
77,2.4,TURN_SNAPSHOT,Abe,,241955,2,0,0
78,0.8,TURN_SNAPSHOT,Tada,,766293,4,0,0
78,0.8,TURN_SNAPSHOT,Date,,29720,6,0,0
78,0.8,TURN_SNAPSHOT,Nori,,0,0,0,0
78,0.8,TURN_SNAPSHOT,Abe,,241955,2,0,0
79,0.2,TURN_SNAPSHOT,Tada,,766293,4,0,0
79,0.2,TURN_SNAPSHOT,Date,,29720,6,0,0
79,0.2,TURN_SNAPSHOT,Nori,,0,0,0,0
79,0.2,TURN_SNAPSHOT,Abe,,241955,2,0,0
80,4.7,TURN_SNAPSHOT,Tada,,766293,4,0,0
80,4.7,TURN_SNAPSHOT,Date,,29720,6,0,0
80,4.7,TURN_SNAPSHOT,Nori,,0,0,0,0
80,4.7,TURN_SNAPSHOT,Abe,,241955,2,0,0
81,0.2,RECRUIT,Date,Dewa,160,6,0,0
81,0.2,RECRUIT,Date,Dewa,160,6,0,0
81,0.2,RECRUIT,Date,Dewa,160,6,0,0
81,0.2,RECRUIT,Date,Sendai,160,6,0,0
81,0.2,RECRUIT,Date,Sendai,160,6,0,0
81,0.2,RECRUIT,Date,Sendai,160,6,0,0
81,0.2,TURN_SNAPSHOT,Tada,,766293,4,0,0
81,0.2,TURN_SNAPSHOT,Date,,77720,6,0,0
81,0.2,TURN_SNAPSHOT,Nori,,0,0,0,0
81,0.2,TURN_SNAPSHOT,Abe,,241955,2,0,0
82,4.1,TURN_SNAPSHOT,Tada,,766293,4,0,0
82,4.1,TURN_SNAPSHOT,Date,,77720,6,0,0
82,4.1,TURN_SNAPSHOT,Nori,,0,0,0,0
82,4.1,TURN_SNAPSHOT,Abe,,241955,2,0,0
83,0.2,TURN_SNAPSHOT,Tada,,766293,4,0,0
83,0.2,TURN_SNAPSHOT,Date,,77720,6,0,0
83,0.2,TURN_SNAPSHOT,Nori,,0,0,0,0
83,0.2,TURN_SNAPSHOT,Abe,,241955,2,0,0
84,0.3,TURN_SNAPSHOT,Tada,,766293,4,0,0
84,0.3,TURN_SNAPSHOT,Date,,77720,6,0,0
84,0.3,TURN_SNAPSHOT,Nori,,0,0,0,0
84,0.3,TURN_SNAPSHOT,Abe,,241955,2,0,0
85,2.0,TURN_SNAPSHOT,Tada,,766293,4,0,0
85,2.0,TURN_SNAPSHOT,Date,,77720,6,0,0
85,2.0,TURN_SNAPSHOT,Nori,,0,0,0,0
85,2.0,TURN_SNAPSHOT,Abe,,241955,2,0,0
86,0.2,TURN_SNAPSHOT,Tada,,766293,4,0,0
86,0.2,TURN_SNAPSHOT,Date,,77720,6,0,0
86,0.2,TURN_SNAPSHOT,Nori,,0,0,0,0
86,0.2,TURN_SNAPSHOT,Abe,,241955,2,0,0
87,0.3,TURN_SNAPSHOT,Tada,,766293,4,0,0
87,0.3,TURN_SNAPSHOT,Date,,77720,6,0,0
87,0.3,TURN_SNAPSHOT,Nori,,0,0,0,0
87,0.3,TURN_SNAPSHOT,Abe,,241955,2,0,0
88,1.6,TURN_SNAPSHOT,Tada,,766293,4,0,0
88,1.6,TURN_SNAPSHOT,Date,,77720,6,0,0
88,1.6,TURN_SNAPSHOT,Nori,,0,0,0,0
88,1.6,TURN_SNAPSHOT,Abe,,241955,2,0,0
89,0.2,TURN_SNAPSHOT,Tada,,766293,4,0,0
89,0.2,TURN_SNAPSHOT,Date,,77720,6,0,0
89,0.2,TURN_SNAPSHOT,Nori,,0,0,0,0
89,0.2,TURN_SNAPSHOT,Abe,,241955,2,0,0
90,0.1,TURN_SNAPSHOT,Tada,,766293,4,0,0
90,0.1,TURN_SNAPSHOT,Date,,77720,6,0,0
90,0.1,TURN_SNAPSHOT,Nori,,0,0,0,0
90,0.1,TURN_SNAPSHOT,Abe,,241955,2,0,0
91,2.8,TURN_SNAPSHOT,Tada,,766293,4,0,0
91,2.8,TURN_SNAPSHOT,Date,,77720,6,0,0
91,2.8,TURN_SNAPSHOT,Nori,,0,0,0,0
91,2.8,TURN_SNAPSHOT,Abe,,241955,2,0,0
92,3.3,TURN_SNAPSHOT,Tada,,766293,4,0,0
92,3.3,TURN_SNAPSHOT,Date,,77720,6,0,0
92,3.3,TURN_SNAPSHOT,Nori,,0,0,0,0
92,3.3,TURN_SNAPSHOT,Abe,,241955,2,0,0
93,1.0,TURN_SNAPSHOT,Tada,,766293,4,0,0
93,1.0,TURN_SNAPSHOT,Date,,77720,6,0,0
93,1.0,TURN_SNAPSHOT,Nori,,0,0,0,0
93,1.0,TURN_SNAPSHOT,Abe,,241955,2,0,0
94,1.0,TURN_SNAPSHOT,Tada,,766293,4,0,0
94,1.0,TURN_SNAPSHOT,Date,,77720,6,0,0
94,1.0,TURN_SNAPSHOT,Nori,,0,0,0,0
94,1.0,TURN_SNAPSHOT,Abe,,241955,2,0,0
95,1.4,TURN_SNAPSHOT,Tada,,766293,4,0,0
95,1.4,TURN_SNAPSHOT,Date,,77720,6,0,0
95,1.4,TURN_SNAPSHOT,Nori,,0,0,0,0
95,1.4,TURN_SNAPSHOT,Abe,,241955,2,0,0
96,1.0,BATTLE_LOSS,Date,Suruga,62155,6,39760,1982
96,1.0,TURN_SNAPSHOT,Tada,,766293,4,0,0
96,1.0,TURN_SNAPSHOT,Date,,37960,6,0,0
96,1.0,TURN_SNAPSHOT,Nori,,0,0,0,0
96,1.0,TURN_SNAPSHOT,Abe,,202213,2,0,0
97,10.2,TURN_SNAPSHOT,Tada,,766293,4,0,0
97,10.2,TURN_SNAPSHOT,Date,,37960,6,0,0
97,10.2,TURN_SNAPSHOT,Nori,,0,0,0,0
97,10.2,TURN_SNAPSHOT,Abe,,202213,2,0,0
98,0.2,RECRUIT,Date,Dewa,160,6,0,0
98,0.2,RECRUIT,Date,Dewa,160,6,0,0
98,0.2,RECRUIT,Date,Dewa,160,6,0,0
98,0.2,TURN_SNAPSHOT,Tada,,766293,4,0,0
98,0.2,TURN_SNAPSHOT,Date,,61960,6,0,0
98,0.2,TURN_SNAPSHOT,Nori,,0,0,0,0
98,0.2,TURN_SNAPSHOT,Abe,,202213,2,0,0
99,0.2,TURN_SNAPSHOT,Tada,,766293,4,0,0
99,0.2,TURN_SNAPSHOT,Date,,61960,6,0,0
99,0.2,TURN_SNAPSHOT,Nori,,0,0,0,0
99,0.2,TURN_SNAPSHOT,Abe,,202213,2,0,0
100,5.2,TURN_SNAPSHOT,Tada,,766293,4,0,0
100,5.2,TURN_SNAPSHOT,Date,,61960,6,0,0
100,5.2,TURN_SNAPSHOT,Nori,,0,0,0,0
100,5.2,TURN_SNAPSHOT,Abe,,202213,2,0,0
101,0.2,RECRUIT,Date,Dewa,160,6,0,0
101,0.2,RECRUIT,Date,Dewa,160,6,0,0
101,0.2,RECRUIT,Date,Dewa,160,6,0,0
101,0.2,RECRUIT,Date,Kanto,160,6,0,0
101,0.2,RECRUIT,Date,Kanto,160,6,0,0
101,0.2,RECRUIT,Date,Kanto,160,6,0,0
101,0.2,TURN_SNAPSHOT,Tada,,766293,4,0,0
101,0.2,TURN_SNAPSHOT,Date,,109960,6,0,0
101,0.2,TURN_SNAPSHOT,Nori,,0,0,0,0
101,0.2,TURN_SNAPSHOT,Abe,,202213,2,0,0
102,1.2,TURN_SNAPSHOT,Tada,,766293,4,0,0
102,1.2,TURN_SNAPSHOT,Date,,109960,6,0,0
102,1.2,TURN_SNAPSHOT,Nori,,0,0,0,0
102,1.2,TURN_SNAPSHOT,Abe,,202213,2,0,0
103,1.4,TURN_SNAPSHOT,Tada,,766293,4,0,0
103,1.4,TURN_SNAPSHOT,Date,,109960,6,0,0
103,1.4,TURN_SNAPSHOT,Nori,,0,0,0,0
103,1.4,TURN_SNAPSHOT,Abe,,202213,2,0,0
104,0.2,RECRUIT,Date,Shimosa,160,6,0,0
104,0.2,RECRUIT,Date,Shimosa,160,6,0,0
104,0.2,RECRUIT,Date,Shimosa,160,6,0,0
104,0.2,TURN_SNAPSHOT,Tada,,766293,4,0,0
104,0.2,TURN_SNAPSHOT,Date,,133960,6,0,0
104,0.2,TURN_SNAPSHOT,Nori,,0,0,0,0
104,0.2,TURN_SNAPSHOT,Abe,,202213,2,0,0
105,1.5,TURN_SNAPSHOT,Tada,,766293,4,0,0
105,1.5,TURN_SNAPSHOT,Date,,133960,6,0,0
105,1.5,TURN_SNAPSHOT,Nori,,0,0,0,0
105,1.5,TURN_SNAPSHOT,Abe,,202213,2,0,0
106,0.2,RECRUIT,Date,Shimosa,160,6,0,0
106,0.2,RECRUIT,Date,Shimosa,160,6,0,0
106,0.2,RECRUIT,Date,Shimosa,160,6,0,0
106,0.2,TURN_SNAPSHOT,Tada,,766293,4,0,0
106,0.2,TURN_SNAPSHOT,Date,,157960,6,0,0
106,0.2,TURN_SNAPSHOT,Nori,,0,0,0,0
106,0.2,TURN_SNAPSHOT,Abe,,202213,2,0,0
107,2.0,TURN_SNAPSHOT,Tada,,766293,4,0,0
107,2.0,TURN_SNAPSHOT,Date,,157960,6,0,0
107,2.0,TURN_SNAPSHOT,Nori,,0,0,0,0
107,2.0,TURN_SNAPSHOT,Abe,,202213,2,0,0
108,0.2,TURN_SNAPSHOT,Tada,,766293,4,0,0
108,0.2,TURN_SNAPSHOT,Date,,157960,6,0,0
108,0.2,TURN_SNAPSHOT,Nori,,0,0,0,0
108,0.2,TURN_SNAPSHOT,Abe,,202213,2,0,0
109,0.5,TURN_SNAPSHOT,Tada,,766293,4,0,0
109,0.5,TURN_SNAPSHOT,Date,,157960,6,0,0
109,0.5,TURN_SNAPSHOT,Nori,,0,0,0,0
109,0.5,TURN_SNAPSHOT,Abe,,202213,2,0,0
110,7.4,TURN_SNAPSHOT,Tada,,766293,4,0,0
110,7.4,TURN_SNAPSHOT,Date,,157960,6,0,0
110,7.4,TURN_SNAPSHOT,Nori,,0,0,0,0
110,7.4,TURN_SNAPSHOT,Abe,,202213,2,0,0
111,0.1,RECRUIT,Date,Dewa,160,6,0,0
111,0.1,RECRUIT,Date,Dewa,160,6,0,0
111,0.1,RECRUIT,Date,Dewa,160,6,0,0
111,0.1,RECRUIT,Date,Sendai,160,6,0,0
111,0.1,RECRUIT,Date,Sendai,160,6,0,0
111,0.1,RECRUIT,Date,Sendai,160,6,0,0
111,0.1,RECRUIT,Date,Kanto,160,6,0,0
111,0.1,RECRUIT,Date,Kanto,160,6,0,0
111,0.1,RECRUIT,Date,Kanto,160,6,0,0
111,0.1,RECRUIT,Date,Shimosa,160,6,0,0
111,0.1,RECRUIT,Date,Shimosa,160,6,0,0
111,0.1,RECRUIT,Date,Shimosa,160,6,0,0
111,0.1,TURN_SNAPSHOT,Tada,,766293,4,0,0
111,0.1,TURN_SNAPSHOT,Date,,253960,6,0,0
111,0.1,TURN_SNAPSHOT,Nori,,0,0,0,0
111,0.1,TURN_SNAPSHOT,Abe,,202213,2,0,0
112,5.4,TURN_SNAPSHOT,Tada,,766293,4,0,0
112,5.4,TURN_SNAPSHOT,Date,,253960,6,0,0
112,5.4,TURN_SNAPSHOT,Nori,,0,0,0,0
112,5.4,TURN_SNAPSHOT,Abe,,202213,2,0,0
113,0.3,RECRUIT,Date,Dewa,160,6,0,0
113,0.3,RECRUIT,Date,Dewa,160,6,0,0
113,0.3,RECRUIT,Date,Dewa,160,6,0,0
113,0.3,RECRUIT,Date,Kanto,160,6,0,0
113,0.3,RECRUIT,Date,Kanto,160,6,0,0
113,0.3,RECRUIT,Date,Kanto,160,6,0,0
113,0.3,RECRUIT,Date,Shimosa,160,6,0,0
113,0.3,RECRUIT,Date,Shimosa,160,6,0,0
113,0.3,RECRUIT,Date,Shimosa,160,6,0,0
113,0.3,TURN_SNAPSHOT,Tada,,766293,4,0,0
113,0.3,TURN_SNAPSHOT,Date,,325960,6,0,0
113,0.3,TURN_SNAPSHOT,Nori,,0,0,0,0
113,0.3,TURN_SNAPSHOT,Abe,,202213,2,0,0
114,6.3,TURN_SNAPSHOT,Tada,,766293,4,0,0
114,6.3,TURN_SNAPSHOT,Date,,325960,6,0,0
114,6.3,TURN_SNAPSHOT,Nori,,0,0,0,0
114,6.3,TURN_SNAPSHOT,Abe,,202213,2,0,0
115,0.2,RECRUIT,Date,Dewa,160,6,0,0
115,0.2,RECRUIT,Date,Dewa,160,6,0,0
115,0.2,RECRUIT,Date,Dewa,160,6,0,0
115,0.2,RECRUIT,Date,Sendai,160,6,0,0
115,0.2,RECRUIT,Date,Sendai,160,6,0,0
115,0.2,RECRUIT,Date,Sendai,160,6,0,0
115,0.2,RECRUIT,Date,Kanto,160,6,0,0
115,0.2,RECRUIT,Date,Kanto,160,6,0,0
115,0.2,RECRUIT,Date,Kanto,160,6,0,0
115,0.2,RECRUIT,Date,Shimosa,160,6,0,0
115,0.2,RECRUIT,Date,Shimosa,160,6,0,0
115,0.2,RECRUIT,Date,Shimosa,160,6,0,0
115,0.2,TURN_SNAPSHOT,Tada,,766293,4,0,0
115,0.2,TURN_SNAPSHOT,Date,,421960,6,0,0
115,0.2,TURN_SNAPSHOT,Nori,,0,0,0,0
115,0.2,TURN_SNAPSHOT,Abe,,202213,2,0,0
116,2.9,TURN_SNAPSHOT,Tada,,766293,4,0,0
116,2.9,TURN_SNAPSHOT,Date,,421960,6,0,0
116,2.9,TURN_SNAPSHOT,Nori,,0,0,0,0
116,2.9,TURN_SNAPSHOT,Abe,,202213,2,0,0
117,0.9,TURN_SNAPSHOT,Tada,,766293,4,0,0
117,0.9,TURN_SNAPSHOT,Date,,421960,6,0,0
117,0.9,TURN_SNAPSHOT,Nori,,0,0,0,0
117,0.9,TURN_SNAPSHOT,Abe,,202213,2,0,0
118,0.9,TURN_SNAPSHOT,Tada,,766293,4,0,0
118,0.9,TURN_SNAPSHOT,Date,,421960,6,0,0
118,0.9,TURN_SNAPSHOT,Nori,,0,0,0,0
118,0.9,TURN_SNAPSHOT,Abe,,202213,2,0,0
119,0.9,TURN_SNAPSHOT,Tada,,766293,4,0,0
119,0.9,TURN_SNAPSHOT,Date,,421960,6,0,0
119,0.9,TURN_SNAPSHOT,Nori,,0,0,0,0
119,0.9,TURN_SNAPSHOT,Abe,,202213,2,0,0
120,8.0,TURN_SNAPSHOT,Tada,,766293,4,0,0
120,8.0,TURN_SNAPSHOT,Date,,421960,6,0,0
120,8.0,TURN_SNAPSHOT,Nori,,0,0,0,0
120,8.0,TURN_SNAPSHOT,Abe,,202213,2,0,0
121,1.0,TURN_SNAPSHOT,Tada,,766293,4,0,0
121,1.0,TURN_SNAPSHOT,Date,,421960,6,0,0
121,1.0,TURN_SNAPSHOT,Nori,,0,0,0,0
121,1.0,TURN_SNAPSHOT,Abe,,202213,2,0,0
122,1.3,TURN_SNAPSHOT,Tada,,766293,4,0,0
122,1.3,TURN_SNAPSHOT,Date,,421960,6,0,0
122,1.3,TURN_SNAPSHOT,Nori,,0,0,0,0
122,1.3,TURN_SNAPSHOT,Abe,,202213,2,0,0
123,5.5,TURN_SNAPSHOT,Tada,,766293,4,0,0
123,5.5,TURN_SNAPSHOT,Date,,421960,6,0,0
123,5.5,TURN_SNAPSHOT,Nori,,0,0,0,0
123,5.5,TURN_SNAPSHOT,Abe,,202213,2,0,0
124,0.2,RECRUIT,Date,Kanto,160,6,0,0
124,0.2,RECRUIT,Date,Kanto,160,6,0,0
124,0.2,RECRUIT,Date,Kanto,160,6,0,0
124,0.2,RECRUIT,Date,Shimosa,160,6,0,0
124,0.2,RECRUIT,Date,Shimosa,160,6,0,0
124,0.2,RECRUIT,Date,Shimosa,160,6,0,0
124,0.2,TURN_SNAPSHOT,Tada,,766293,4,0,0
124,0.2,TURN_SNAPSHOT,Date,,469960,6,0,0
124,0.2,TURN_SNAPSHOT,Nori,,0,0,0,0
124,0.2,TURN_SNAPSHOT,Abe,,202213,2,0,0
125,12.4,TURN_SNAPSHOT,Tada,,766293,4,0,0
125,12.4,TURN_SNAPSHOT,Date,,469960,6,0,0
125,12.4,TURN_SNAPSHOT,Nori,,0,0,0,0
125,12.4,TURN_SNAPSHOT,Abe,,202213,2,0,0
126,3.6,TURN_SNAPSHOT,Tada,,766293,4,0,0
126,3.6,TURN_SNAPSHOT,Date,,469960,6,0,0
126,3.6,TURN_SNAPSHOT,Nori,,0,0,0,0
126,3.6,TURN_SNAPSHOT,Abe,,202213,2,0,0
127,1.0,RECRUIT,Date,Shimosa,160,6,0,0
127,1.0,RECRUIT,Date,Shimosa,160,6,0,0
127,1.0,RECRUIT,Date,Shimosa,160,6,0,0
127,1.0,RECRUIT,Date,Suruga,110,6,0,0
127,1.0,RECRUIT,Date,Suruga,110,6,0,0
127,1.0,RECRUIT,Date,Suruga,110,6,0,0
127,1.0,TURN_SNAPSHOT,Tada,,766293,4,0,0
127,1.0,TURN_SNAPSHOT,Date,,503860,6,0,0
127,1.0,TURN_SNAPSHOT,Nori,,0,0,0,0
127,1.0,TURN_SNAPSHOT,Abe,,202213,2,0,0
128,5.9,TURN_SNAPSHOT,Tada,,766293,4,0,0
128,5.9,TURN_SNAPSHOT,Date,,503860,6,0,0
128,5.9,TURN_SNAPSHOT,Nori,,0,0,0,0
128,5.9,TURN_SNAPSHOT,Abe,,202213,2,0,0
129,0.3,RECRUIT,Date,Shimosa,160,6,0,0
129,0.3,RECRUIT,Date,Shimosa,160,6,0,0
129,0.3,RECRUIT,Date,Shimosa,160,6,0,0
129,0.3,RECRUIT,Date,Suruga,110,6,0,0
129,0.3,RECRUIT,Date,Suruga,110,6,0,0
129,0.3,RECRUIT,Date,Suruga,110,6,0,0
129,0.3,TURN_SNAPSHOT,Tada,,766293,4,0,0
129,0.3,TURN_SNAPSHOT,Date,,537760,6,0,0
129,0.3,TURN_SNAPSHOT,Nori,,0,0,0,0
129,0.3,TURN_SNAPSHOT,Abe,,202213,2,0,0
130,4.8,TURN_SNAPSHOT,Tada,,766293,4,0,0
130,4.8,TURN_SNAPSHOT,Date,,537760,6,0,0
130,4.8,TURN_SNAPSHOT,Nori,,0,0,0,0
130,4.8,TURN_SNAPSHOT,Abe,,202213,2,0,0
131,1.2,RECRUIT,Date,Kanto,160,6,0,0
131,1.2,RECRUIT,Date,Kanto,160,6,0,0
131,1.2,RECRUIT,Date,Kanto,160,6,0,0
131,1.2,BATTLE_WIN,Date,Suruga,22413,6,48000,448
131,1.2,TURN_SNAPSHOT,Tada,,766293,4,0,0
131,1.2,TURN_SNAPSHOT,Date,,539360,6,0,0
131,1.2,TURN_SNAPSHOT,Nori,,0,0,0,0
131,1.2,TURN_SNAPSHOT,Abe,,179800,2,0,0
132,5.3,TURN_SNAPSHOT,Tada,,766293,4,0,0
132,5.3,TURN_SNAPSHOT,Date,,539360,6,0,0
132,5.3,TURN_SNAPSHOT,Nori,,0,0,0,0
132,5.3,TURN_SNAPSHOT,Abe,,179800,2,0,0
133,4.8,TURN_SNAPSHOT,Tada,,766293,4,0,0
133,4.8,TURN_SNAPSHOT,Date,,539360,6,0,0
133,4.8,TURN_SNAPSHOT,Nori,,0,0,0,0
133,4.8,TURN_SNAPSHOT,Abe,,179800,2,0,0
134,1.1,TURN_SNAPSHOT,Tada,,766293,4,0,0
134,1.1,TURN_SNAPSHOT,Date,,539360,6,0,0
134,1.1,TURN_SNAPSHOT,Nori,,0,0,0,0
134,1.1,TURN_SNAPSHOT,Abe,,179800,2,0,0
135,5.0,BATTLE_WIN,Date,Kanto,179800,6,301960,3845
135,6.2,TURN_SNAPSHOT,Tada,,766293,4,0,0
135,6.2,TURN_SNAPSHOT,Date,,359470,6,0,0
135,6.2,TURN_SNAPSHOT,Nori,,0,0,0,0
135,6.2,TURN_SNAPSHOT,Abe,,0,2,0,0
136,4.6,TURN_SNAPSHOT,Tada,,766293,4,0,0
136,4.6,TURN_SNAPSHOT,Date,,359470,6,0,0
136,4.6,TURN_SNAPSHOT,Nori,,0,0,0,0
136,4.6,TURN_SNAPSHOT,Abe,,0,2,0,0
137,2.5,TURN_SNAPSHOT,Tada,,766293,4,0,0
137,2.5,TURN_SNAPSHOT,Date,,359470,6,0,0
137,2.5,TURN_SNAPSHOT,Nori,,0,0,0,0
137,2.5,TURN_SNAPSHOT,Abe,,0,2,0,0
138,0.9,SIEGE_WIN,Date,Totomi,1860,7,237400,39
138,0.9,TURN_SNAPSHOT,Tada,,766293,4,0,0
138,0.9,TURN_SNAPSHOT,Date,,357520,7,0,0
138,0.9,TURN_SNAPSHOT,Nori,,0,0,0,0
138,0.9,TURN_SNAPSHOT,Abe,,0,1,0,0
139,1.0,SIEGE_WIN,Date,Musashi,300,8,122070,6
139,1.0,TURN_SNAPSHOT,Tada,,766293,4,0,0
139,1.0,TURN_SNAPSHOT,Date,,357220,8,0,0
139,1.0,TURN_SNAPSHOT,Nori,,0,0,0,0
139,1.0,TURN_SNAPSHOT,Abe,,0,1,0,0
140,4.7,TURN_SNAPSHOT,Tada,,766293,4,0,0
140,4.7,TURN_SNAPSHOT,Date,,357220,8,0,0
140,4.7,TURN_SNAPSHOT,Nori,,0,0,0,0
140,4.7,TURN_SNAPSHOT,Abe,,0,1,0,0
141,3.2,TURN_SNAPSHOT,Tada,,766293,4,0,0
141,3.2,TURN_SNAPSHOT,Date,,357220,8,0,0
141,3.2,TURN_SNAPSHOT,Nori,,0,0,0,0
141,3.2,TURN_SNAPSHOT,Abe,,0,1,0,0
142,1.1,TURN_SNAPSHOT,Tada,,766293,4,0,0
142,1.1,TURN_SNAPSHOT,Date,,357220,8,0,0
142,1.1,TURN_SNAPSHOT,Nori,,0,0,0,0
142,1.1,TURN_SNAPSHOT,Abe,,0,1,0,0
143,1.1,SIEGE_WIN,Date,Edo,1860,9,121770,39
143,1.1,TURN_SNAPSHOT,Tada,,766293,4,0,0
143,1.1,TURN_SNAPSHOT,Date,,355270,9,0,0
143,1.1,TURN_SNAPSHOT,Nori,,0,0,0,0
143,1.1,TURN_SNAPSHOT,Abe,,0,0,0,0
144,5.0,TURN_SNAPSHOT,Tada,,766293,4,0,0
144,5.0,TURN_SNAPSHOT,Date,,355270,9,0,0
144,5.0,TURN_SNAPSHOT,Nori,,0,0,0,0
144,5.0,TURN_SNAPSHOT,Abe,,0,0,0,0
145,1.5,TURN_SNAPSHOT,Tada,,766293,4,0,0
145,1.5,TURN_SNAPSHOT,Date,,355270,9,0,0
145,1.5,TURN_SNAPSHOT,Nori,,0,0,0,0
145,1.5,TURN_SNAPSHOT,Abe,,0,0,0,0
146,0.3,RECRUIT,Date,Edo,160,9,0,0
146,0.3,RECRUIT,Date,Edo,160,9,0,0
146,0.3,RECRUIT,Date,Edo,160,9,0,0
146,0.3,TURN_SNAPSHOT,Tada,,766293,4,0,0
146,0.3,TURN_SNAPSHOT,Date,,379270,9,0,0
146,0.3,TURN_SNAPSHOT,Nori,,0,0,0,0
146,0.3,TURN_SNAPSHOT,Abe,,0,0,0,0
147,1.5,TURN_SNAPSHOT,Tada,,766293,4,0,0
147,1.5,TURN_SNAPSHOT,Date,,379270,9,0,0
147,1.5,TURN_SNAPSHOT,Nori,,0,0,0,0
147,1.5,TURN_SNAPSHOT,Abe,,0,0,0,0
148,0.2,RECRUIT,Date,Edo,160,9,0,0
148,0.2,RECRUIT,Date,Edo,160,9,0,0
148,0.2,RECRUIT,Date,Edo,160,9,0,0
148,0.2,TURN_SNAPSHOT,Tada,,766293,4,0,0
148,0.2,TURN_SNAPSHOT,Date,,403270,9,0,0
148,0.2,TURN_SNAPSHOT,Nori,,0,0,0,0
148,0.2,TURN_SNAPSHOT,Abe,,0,0,0,0
149,1.8,TURN_SNAPSHOT,Tada,,766293,4,0,0
149,1.8,TURN_SNAPSHOT,Date,,403270,9,0,0
149,1.8,TURN_SNAPSHOT,Nori,,0,0,0,0
149,1.8,TURN_SNAPSHOT,Abe,,0,0,0,0
150,0.2,RECRUIT,Date,Edo,160,9,0,0
150,0.2,RECRUIT,Date,Edo,160,9,0,0
150,0.2,RECRUIT,Date,Edo,160,9,0,0
150,0.2,TURN_SNAPSHOT,Tada,,766293,4,0,0
150,0.2,TURN_SNAPSHOT,Date,,427270,9,0,0
150,0.2,TURN_SNAPSHOT,Nori,,0,0,0,0
150,0.2,TURN_SNAPSHOT,Abe,,0,0,0,0
151,5.0,TURN_SNAPSHOT,Tada,,766293,4,0,0
151,5.0,TURN_SNAPSHOT,Date,,427270,9,0,0
151,5.0,TURN_SNAPSHOT,Nori,,0,0,0,0
151,5.0,TURN_SNAPSHOT,Abe,,0,0,0,0
152,0.2,RECRUIT,Date,Totomi,160,9,0,0
152,0.2,RECRUIT,Date,Totomi,160,9,0,0
152,0.2,RECRUIT,Date,Totomi,160,9,0,0
152,0.2,TURN_SNAPSHOT,Tada,,766293,4,0,0
152,0.2,TURN_SNAPSHOT,Date,,451270,9,0,0
152,0.2,TURN_SNAPSHOT,Nori,,0,0,0,0
152,0.2,TURN_SNAPSHOT,Abe,,0,0,0,0
153,5.6,TURN_SNAPSHOT,Tada,,766293,4,0,0
153,5.6,TURN_SNAPSHOT,Date,,451270,9,0,0
153,5.6,TURN_SNAPSHOT,Nori,,0,0,0,0
153,5.6,TURN_SNAPSHOT,Abe,,0,0,0,0
154,0.8,TURN_SNAPSHOT,Tada,,766293,4,0,0
154,0.8,TURN_SNAPSHOT,Date,,451270,9,0,0
154,0.8,TURN_SNAPSHOT,Nori,,0,0,0,0
154,0.8,TURN_SNAPSHOT,Abe,,0,0,0,0
155,0.4,TURN_SNAPSHOT,Tada,,766293,4,0,0
155,0.4,TURN_SNAPSHOT,Date,,451270,9,0,0
155,0.4,TURN_SNAPSHOT,Nori,,0,0,0,0
155,0.4,TURN_SNAPSHOT,Abe,,0,0,0,0
156,0.7,TURN_SNAPSHOT,Tada,,766293,4,0,0
156,0.7,TURN_SNAPSHOT,Date,,451270,9,0,0
156,0.7,TURN_SNAPSHOT,Nori,,0,0,0,0
156,0.7,TURN_SNAPSHOT,Abe,,0,0,0,0
157,25.5,TURN_SNAPSHOT,Tada,,766293,4,0,0
157,25.5,TURN_SNAPSHOT,Date,,451270,9,0,0
157,25.5,TURN_SNAPSHOT,Nori,,0,0,0,0
157,25.5,TURN_SNAPSHOT,Abe,,0,0,0,0
158,0.1,RECRUIT,Date,Totomi,160,9,0,0
158,0.1,RECRUIT,Date,Totomi,160,9,0,0
158,0.1,RECRUIT,Date,Totomi,160,9,0,0
158,0.1,TURN_SNAPSHOT,Tada,,766293,4,0,0
158,0.1,TURN_SNAPSHOT,Date,,475270,9,0,0
158,0.1,TURN_SNAPSHOT,Nori,,0,0,0,0
158,0.1,TURN_SNAPSHOT,Abe,,0,0,0,0
159,4.5,TURN_SNAPSHOT,Tada,,766293,4,0,0
159,4.5,TURN_SNAPSHOT,Date,,475270,9,0,0
159,4.5,TURN_SNAPSHOT,Nori,,0,0,0,0
159,4.5,TURN_SNAPSHOT,Abe,,0,0,0,0
160,0.2,RECRUIT,Date,Edo,160,9,0,0
160,0.2,RECRUIT,Date,Edo,160,9,0,0
160,0.2,RECRUIT,Date,Edo,160,9,0,0
160,0.2,TURN_SNAPSHOT,Tada,,766293,4,0,0
160,0.2,TURN_SNAPSHOT,Date,,499270,9,0,0
160,0.2,TURN_SNAPSHOT,Nori,,0,0,0,0
160,0.2,TURN_SNAPSHOT,Abe,,0,0,0,0
161,2.3,REBELLION,Date,Musashi,0,8,0,0
161,2.3,TURN_SNAPSHOT,Tada,,766293,4,0,0
161,2.3,TURN_SNAPSHOT,Date,,499270,8,0,0
161,2.3,TURN_SNAPSHOT,Nori,,0,0,0,0
161,2.3,TURN_SNAPSHOT,Abe,,0,0,0,0
162,0.3,RECRUIT,Date,Edo,160,8,0,0
162,0.3,RECRUIT,Date,Edo,160,8,0,0
162,0.3,RECRUIT,Date,Edo,160,8,0,0
162,0.3,TURN_SNAPSHOT,Tada,,766293,4,0,0
162,0.3,TURN_SNAPSHOT,Date,,523270,8,0,0
162,0.3,TURN_SNAPSHOT,Nori,,0,0,0,0
162,0.3,TURN_SNAPSHOT,Abe,,0,0,0,0
163,1.9,TURN_SNAPSHOT,Tada,,766293,4,0,0
163,1.9,TURN_SNAPSHOT,Date,,523270,8,0,0
163,1.9,TURN_SNAPSHOT,Nori,,0,0,0,0
163,1.9,TURN_SNAPSHOT,Abe,,0,0,0,0
164,0.1,RECRUIT,Date,Edo,160,8,0,0
164,0.1,RECRUIT,Date,Edo,160,8,0,0
164,0.1,RECRUIT,Date,Edo,160,8,0,0
164,0.1,TURN_SNAPSHOT,Tada,,766293,4,0,0
164,0.1,TURN_SNAPSHOT,Date,,547270,8,0,0
164,0.1,TURN_SNAPSHOT,Nori,,0,0,0,0
164,0.1,TURN_SNAPSHOT,Abe,,0,0,0,0
165,4.2,TURN_SNAPSHOT,Tada,,766293,4,0,0
165,4.2,TURN_SNAPSHOT,Date,,547270,8,0,0
165,4.2,TURN_SNAPSHOT,Nori,,0,0,0,0
165,4.2,TURN_SNAPSHOT,Abe,,0,0,0,0
166,1.0,TURN_SNAPSHOT,Tada,,766293,4,0,0
166,1.0,TURN_SNAPSHOT,Date,,547270,8,0,0
166,1.0,TURN_SNAPSHOT,Nori,,0,0,0,0
166,1.0,TURN_SNAPSHOT,Abe,,0,0,0,0
167,1.0,SIEGE_WIN,Date,Musashi,300,9,263820,6
167,1.0,TURN_SNAPSHOT,Tada,,766293,4,0,0
167,1.0,TURN_SNAPSHOT,Date,,546970,9,0,0
167,1.0,TURN_SNAPSHOT,Nori,,0,0,0,0
167,1.0,TURN_SNAPSHOT,Abe,,0,0,0,0
168,2.5,TURN_SNAPSHOT,Tada,,766293,4,0,0
168,2.5,TURN_SNAPSHOT,Date,,546970,9,0,0
168,2.5,TURN_SNAPSHOT,Nori,,0,0,0,0
168,2.5,TURN_SNAPSHOT,Abe,,0,0,0,0
169,0.1,TURN_SNAPSHOT,Tada,,766293,4,0,0
169,0.1,TURN_SNAPSHOT,Date,,546970,9,0,0
169,0.1,TURN_SNAPSHOT,Nori,,0,0,0,0
169,0.1,TURN_SNAPSHOT,Abe,,0,0,0,0
170,0.1,TURN_SNAPSHOT,Tada,,766293,4,0,0
170,0.1,TURN_SNAPSHOT,Date,,546970,9,0,0
170,0.1,TURN_SNAPSHOT,Nori,,0,0,0,0
170,0.1,TURN_SNAPSHOT,Abe,,0,0,0,0
171,1.3,TURN_SNAPSHOT,Tada,,766293,4,0,0
171,1.3,TURN_SNAPSHOT,Date,,546970,9,0,0
171,1.3,TURN_SNAPSHOT,Nori,,0,0,0,0
171,1.3,TURN_SNAPSHOT,Abe,,0,0,0,0
172,0.1,TURN_SNAPSHOT,Tada,,766293,4,0,0
172,0.1,TURN_SNAPSHOT,Date,,546970,9,0,0
172,0.1,TURN_SNAPSHOT,Nori,,0,0,0,0
172,0.1,TURN_SNAPSHOT,Abe,,0,0,0,0
173,0.1,TURN_SNAPSHOT,Tada,,766293,4,0,0
173,0.1,TURN_SNAPSHOT,Date,,546970,9,0,0
173,0.1,TURN_SNAPSHOT,Nori,,0,0,0,0
173,0.1,TURN_SNAPSHOT,Abe,,0,0,0,0
174,15.4,TURN_SNAPSHOT,Tada,,766293,4,0,0
174,15.4,TURN_SNAPSHOT,Date,,546970,9,0,0
174,15.4,TURN_SNAPSHOT,Nori,,0,0,0,0
174,15.4,TURN_SNAPSHOT,Abe,,0,0,0,0
175,0.2,TURN_SNAPSHOT,Tada,,766293,4,0,0
175,0.2,TURN_SNAPSHOT,Date,,546970,9,0,0
175,0.2,TURN_SNAPSHOT,Nori,,0,0,0,0
175,0.2,TURN_SNAPSHOT,Abe,,0,0,0,0
176,3.3,AMBUSH_WIN,Date,Musashi,0,9,0,0
176,3.3,TURN_SNAPSHOT,Tada,,766293,4,0,0
176,3.3,TURN_SNAPSHOT,Date,,546970,9,0,0
176,3.3,TURN_SNAPSHOT,Nori,,0,0,0,0
176,3.3,TURN_SNAPSHOT,Abe,,0,0,0,0
177,1.1,TURN_SNAPSHOT,Tada,,766293,4,0,0
177,1.1,TURN_SNAPSHOT,Date,,546970,9,0,0
177,1.1,TURN_SNAPSHOT,Nori,,0,0,0,0
177,1.1,TURN_SNAPSHOT,Abe,,0,0,0,0
178,1.1,TURN_SNAPSHOT,Tada,,766293,4,0,0
178,1.1,TURN_SNAPSHOT,Date,,546970,9,0,0
178,1.1,TURN_SNAPSHOT,Nori,,0,0,0,0
178,1.1,TURN_SNAPSHOT,Abe,,0,0,0,0
179,0.9,TURN_SNAPSHOT,Tada,,766293,4,0,0
179,0.9,TURN_SNAPSHOT,Date,,546970,9,0,0
179,0.9,TURN_SNAPSHOT,Nori,,0,0,0,0
179,0.9,TURN_SNAPSHOT,Abe,,0,0,0,0
180,1.2,TURN_SNAPSHOT,Tada,,766293,4,0,0
180,1.2,TURN_SNAPSHOT,Date,,546970,9,0,0
180,1.2,TURN_SNAPSHOT,Nori,,0,0,0,0
180,1.2,TURN_SNAPSHOT,Abe,,0,0,0,0
181,0.9,TURN_SNAPSHOT,Tada,,766293,4,0,0
181,0.9,TURN_SNAPSHOT,Date,,546970,9,0,0
181,0.9,TURN_SNAPSHOT,Nori,,0,0,0,0
181,0.9,TURN_SNAPSHOT,Abe,,0,0,0,0
182,0.9,TURN_SNAPSHOT,Tada,,766293,4,0,0
182,0.9,TURN_SNAPSHOT,Date,,546970,9,0,0
182,0.9,TURN_SNAPSHOT,Nori,,0,0,0,0
182,0.9,TURN_SNAPSHOT,Abe,,0,0,0,0
183,1.1,TURN_SNAPSHOT,Tada,,766293,4,0,0
183,1.1,TURN_SNAPSHOT,Date,,546970,9,0,0
183,1.1,TURN_SNAPSHOT,Nori,,0,0,0,0
183,1.1,TURN_SNAPSHOT,Abe,,0,0,0,0
184,6.2,TURN_SNAPSHOT,Tada,,766293,4,0,0
184,6.2,TURN_SNAPSHOT,Date,,546970,9,0,0
184,6.2,TURN_SNAPSHOT,Nori,,0,0,0,0
184,6.2,TURN_SNAPSHOT,Abe,,0,0,0,0
185,0.8,BATTLE_WIN,Date,Mikawa,179702,10,546970,3737
185,0.8,TURN_SNAPSHOT,Tada,,628061,4,0,0
185,0.8,TURN_SNAPSHOT,Date,,367080,10,0,0
185,0.8,TURN_SNAPSHOT,Nori,,0,0,0,0
185,0.8,TURN_SNAPSHOT,Abe,,0,0,0,0
186,1.0,TURN_SNAPSHOT,Tada,,628061,4,0,0
186,1.0,TURN_SNAPSHOT,Date,,367080,10,0,0
186,1.0,TURN_SNAPSHOT,Nori,,0,0,0,0
186,1.0,TURN_SNAPSHOT,Abe,,0,0,0,0
187,3.3,TURN_SNAPSHOT,Tada,,628061,4,0,0
187,3.3,TURN_SNAPSHOT,Date,,367080,10,0,0
187,3.3,TURN_SNAPSHOT,Nori,,0,0,0,0
187,3.3,TURN_SNAPSHOT,Abe,,0,0,0,0
188,0.1,RECRUIT,Date,Totomi,160,10,0,0
188,0.1,RECRUIT,Date,Totomi,160,10,0,0
188,0.1,RECRUIT,Date,Totomi,160,10,0,0
188,0.1,TURN_SNAPSHOT,Tada,,628061,4,0,0
188,0.1,TURN_SNAPSHOT,Date,,391080,10,0,0
188,0.1,TURN_SNAPSHOT,Nori,,0,0,0,0
188,0.1,TURN_SNAPSHOT,Abe,,0,0,0,0
189,5.3,TURN_SNAPSHOT,Tada,,628061,4,0,0
189,5.3,TURN_SNAPSHOT,Date,,391080,10,0,0
189,5.3,TURN_SNAPSHOT,Nori,,0,0,0,0
189,5.3,TURN_SNAPSHOT,Abe,,0,0,0,0
190,1.0,TURN_SNAPSHOT,Tada,,628061,4,0,0
190,1.0,TURN_SNAPSHOT,Date,,391080,10,0,0
190,1.0,TURN_SNAPSHOT,Nori,,0,0,0,0
190,1.0,TURN_SNAPSHOT,Abe,,0,0,0,0
191,4.5,BATTLE_WIN,Date,Mikawa,317362,10,391080,6587
191,6.7,TURN_SNAPSHOT,Tada,,383936,4,0,0
191,6.7,TURN_SNAPSHOT,Date,,73670,10,0,0
191,6.7,TURN_SNAPSHOT,Nori,,0,0,0,0
191,6.7,TURN_SNAPSHOT,Abe,,0,0,0,0
192,0.3,RECRUIT,Date,Mikawa,70,10,0,0
192,0.3,RECRUIT,Date,Mikawa,70,10,0,0
192,0.3,RECRUIT,Date,Mikawa,70,10,0,0
192,0.3,TURN_SNAPSHOT,Tada,,383936,4,0,0
192,0.3,TURN_SNAPSHOT,Date,,75770,10,0,0
192,0.3,TURN_SNAPSHOT,Nori,,0,0,0,0
192,0.3,TURN_SNAPSHOT,Abe,,0,0,0,0
193,1.1,TURN_SNAPSHOT,Tada,,383936,4,0,0
193,1.1,TURN_SNAPSHOT,Date,,75770,10,0,0
193,1.1,TURN_SNAPSHOT,Nori,,0,0,0,0
193,1.1,TURN_SNAPSHOT,Abe,,0,0,0,0
194,0.2,TURN_SNAPSHOT,Tada,,383936,4,0,0
194,0.2,TURN_SNAPSHOT,Date,,75770,10,0,0
194,0.2,TURN_SNAPSHOT,Nori,,0,0,0,0
194,0.2,TURN_SNAPSHOT,Abe,,0,0,0,0
195,0.2,TURN_SNAPSHOT,Tada,,383936,4,0,0
195,0.2,TURN_SNAPSHOT,Date,,75770,10,0,0
195,0.2,TURN_SNAPSHOT,Nori,,0,0,0,0
195,0.2,TURN_SNAPSHOT,Abe,,0,0,0,0
196,1.4,TURN_SNAPSHOT,Tada,,383936,4,0,0
196,1.4,TURN_SNAPSHOT,Date,,75770,10,0,0
196,1.4,TURN_SNAPSHOT,Nori,,0,0,0,0
196,1.4,TURN_SNAPSHOT,Abe,,0,0,0,0
197,0.2,TURN_SNAPSHOT,Tada,,383936,4,0,0
197,0.2,TURN_SNAPSHOT,Date,,75770,10,0,0
197,0.2,TURN_SNAPSHOT,Nori,,0,0,0,0
197,0.2,TURN_SNAPSHOT,Abe,,0,0,0,0
198,0.2,TURN_SNAPSHOT,Tada,,383936,4,0,0
198,0.2,TURN_SNAPSHOT,Date,,75770,10,0,0
198,0.2,TURN_SNAPSHOT,Nori,,0,0,0,0
198,0.2,TURN_SNAPSHOT,Abe,,0,0,0,0
199,1.8,TURN_SNAPSHOT,Tada,,383936,4,0,0
199,1.8,TURN_SNAPSHOT,Date,,75770,10,0,0
199,1.8,TURN_SNAPSHOT,Nori,,0,0,0,0
199,1.8,TURN_SNAPSHOT,Abe,,0,0,0,0
200,0.3,RECRUIT,Date,Mikawa,110,10,0,0
200,0.3,RECRUIT,Date,Mikawa,110,10,0,0
200,0.3,RECRUIT,Date,Mikawa,110,10,0,0
200,0.3,TURN_SNAPSHOT,Tada,,383936,4,0,0
200,0.3,TURN_SNAPSHOT,Date,,85670,10,0,0
200,0.3,TURN_SNAPSHOT,Nori,,0,0,0,0
200,0.3,TURN_SNAPSHOT,Abe,,0,0,0,0
201,1.1,TURN_SNAPSHOT,Tada,,383936,4,0,0
201,1.1,TURN_SNAPSHOT,Date,,85670,10,0,0
201,1.1,TURN_SNAPSHOT,Nori,,0,0,0,0
201,1.1,TURN_SNAPSHOT,Abe,,0,0,0,0
202,0.3,TURN_SNAPSHOT,Tada,,383936,4,0,0
202,0.3,TURN_SNAPSHOT,Date,,85670,10,0,0
202,0.3,TURN_SNAPSHOT,Nori,,0,0,0,0
202,0.3,TURN_SNAPSHOT,Abe,,0,0,0,0
203,0.2,TURN_SNAPSHOT,Tada,,383936,4,0,0
203,0.2,TURN_SNAPSHOT,Date,,85670,10,0,0
203,0.2,TURN_SNAPSHOT,Nori,,0,0,0,0
203,0.2,TURN_SNAPSHOT,Abe,,0,0,0,0
204,1.2,TURN_SNAPSHOT,Tada,,383936,4,0,0
204,1.2,TURN_SNAPSHOT,Date,,85670,10,0,0
204,1.2,TURN_SNAPSHOT,Nori,,0,0,0,0
204,1.2,TURN_SNAPSHOT,Abe,,0,0,0,0
205,0.2,RECRUIT,Date,Mikawa,140,10,0,0
205,0.2,TURN_SNAPSHOT,Tada,,383936,4,0,0
205,0.2,TURN_SNAPSHOT,Date,,91270,10,0,0
205,0.2,TURN_SNAPSHOT,Nori,,0,0,0,0
205,0.2,TURN_SNAPSHOT,Abe,,0,0,0,0
206,0.5,TURN_SNAPSHOT,Tada,,383936,4,0,0
206,0.5,TURN_SNAPSHOT,Date,,91270,10,0,0
206,0.5,TURN_SNAPSHOT,Nori,,0,0,0,0
206,0.5,TURN_SNAPSHOT,Abe,,0,0,0,0
207,1.1,TURN_SNAPSHOT,Tada,,383936,4,0,0
207,1.1,TURN_SNAPSHOT,Date,,91270,10,0,0
207,1.1,TURN_SNAPSHOT,Nori,,0,0,0,0
207,1.1,TURN_SNAPSHOT,Abe,,0,0,0,0
208,0.2,TURN_SNAPSHOT,Tada,,383936,4,0,0
208,0.2,TURN_SNAPSHOT,Date,,91270,10,0,0
208,0.2,TURN_SNAPSHOT,Nori,,0,0,0,0
208,0.2,TURN_SNAPSHOT,Abe,,0,0,0,0
209,0.2,TURN_SNAPSHOT,Tada,,383936,4,0,0
209,0.2,TURN_SNAPSHOT,Date,,91270,10,0,0
209,0.2,TURN_SNAPSHOT,Nori,,0,0,0,0
209,0.2,TURN_SNAPSHOT,Abe,,0,0,0,0
210,1.2,TURN_SNAPSHOT,Tada,,383936,4,0,0
210,1.2,TURN_SNAPSHOT,Date,,91270,10,0,0
210,1.2,TURN_SNAPSHOT,Nori,,0,0,0,0
210,1.2,TURN_SNAPSHOT,Abe,,0,0,0,0
211,0.3,RECRUIT,Date,Mikawa,160,10,0,0
211,0.3,RECRUIT,Date,Mikawa,160,10,0,0
211,0.3,RECRUIT,Date,Mikawa,160,10,0,0
211,0.3,TURN_SNAPSHOT,Tada,,383936,4,0,0
211,0.3,TURN_SNAPSHOT,Date,,115270,10,0,0
211,0.3,TURN_SNAPSHOT,Nori,,0,0,0,0
211,0.3,TURN_SNAPSHOT,Abe,,0,0,0,0
212,2.0,TURN_SNAPSHOT,Tada,,383936,4,0,0
212,2.0,TURN_SNAPSHOT,Date,,115270,10,0,0
212,2.0,TURN_SNAPSHOT,Nori,,0,0,0,0
212,2.0,TURN_SNAPSHOT,Abe,,0,0,0,0
213,0.2,RECRUIT,Date,Mikawa,160,10,0,0
213,0.2,RECRUIT,Date,Mikawa,160,10,0,0
213,0.2,RECRUIT,Date,Mikawa,160,10,0,0
213,0.2,TURN_SNAPSHOT,Tada,,383936,4,0,0
213,0.2,TURN_SNAPSHOT,Date,,139270,10,0,0
213,0.2,TURN_SNAPSHOT,Nori,,0,0,0,0
213,0.2,TURN_SNAPSHOT,Abe,,0,0,0,0
214,3.0,TURN_SNAPSHOT,Tada,,383936,4,0,0
214,3.0,TURN_SNAPSHOT,Date,,139270,10,0,0
214,3.0,TURN_SNAPSHOT,Nori,,0,0,0,0
214,3.0,TURN_SNAPSHOT,Abe,,0,0,0,0
215,0.4,RECRUIT,Date,Mikawa,160,10,0,0
215,0.4,RECRUIT,Date,Mikawa,160,10,0,0
215,0.4,RECRUIT,Date,Mikawa,160,10,0,0
215,0.4,TURN_SNAPSHOT,Tada,,383936,4,0,0
215,0.4,TURN_SNAPSHOT,Date,,163270,10,0,0
215,0.4,TURN_SNAPSHOT,Nori,,0,0,0,0
215,0.4,TURN_SNAPSHOT,Abe,,0,0,0,0
216,1.3,TURN_SNAPSHOT,Tada,,383936,4,0,0
216,1.3,TURN_SNAPSHOT,Date,,163270,10,0,0
216,1.3,TURN_SNAPSHOT,Nori,,0,0,0,0
216,1.3,TURN_SNAPSHOT,Abe,,0,0,0,0
217,0.2,RECRUIT,Date,Mikawa,160,10,0,0
217,0.2,TURN_SNAPSHOT,Tada,,383936,4,0,0
217,0.2,TURN_SNAPSHOT,Date,,171270,10,0,0
217,0.2,TURN_SNAPSHOT,Nori,,0,0,0,0
217,0.2,TURN_SNAPSHOT,Abe,,0,0,0,0
218,0.1,TURN_SNAPSHOT,Tada,,383936,4,0,0
218,0.1,TURN_SNAPSHOT,Date,,171270,10,0,0
218,0.1,TURN_SNAPSHOT,Nori,,0,0,0,0
218,0.1,TURN_SNAPSHOT,Abe,,0,0,0,0
219,1.6,TURN_SNAPSHOT,Tada,,383936,4,0,0
219,1.6,TURN_SNAPSHOT,Date,,171270,10,0,0
219,1.6,TURN_SNAPSHOT,Nori,,0,0,0,0
219,1.6,TURN_SNAPSHOT,Abe,,0,0,0,0
220,0.2,RECRUIT,Date,Mikawa,160,10,0,0
220,0.2,TURN_SNAPSHOT,Tada,,383936,4,0,0
220,0.2,TURN_SNAPSHOT,Date,,179270,10,0,0
220,0.2,TURN_SNAPSHOT,Nori,,0,0,0,0
220,0.2,TURN_SNAPSHOT,Abe,,0,0,0,0
221,2.0,TURN_SNAPSHOT,Tada,,383936,4,0,0
221,2.0,TURN_SNAPSHOT,Date,,179270,10,0,0
221,2.0,TURN_SNAPSHOT,Nori,,0,0,0,0
221,2.0,TURN_SNAPSHOT,Abe,,0,0,0,0
222,0.1,RECRUIT,Date,Mikawa,160,10,0,0
222,0.1,TURN_SNAPSHOT,Tada,,383936,4,0,0
222,0.1,TURN_SNAPSHOT,Date,,187270,10,0,0
222,0.1,TURN_SNAPSHOT,Nori,,0,0,0,0
222,0.1,TURN_SNAPSHOT,Abe,,0,0,0,0
223,3.9,TURN_SNAPSHOT,Tada,,383936,4,0,0
223,3.9,TURN_SNAPSHOT,Date,,187270,10,0,0
223,3.9,TURN_SNAPSHOT,Nori,,0,0,0,0
223,3.9,TURN_SNAPSHOT,Abe,,0,0,0,0
224,0.2,RECRUIT,Date,Mikawa,160,10,0,0
224,0.2,RECRUIT,Date,Mikawa,160,10,0,0
224,0.2,RECRUIT,Date,Mikawa,160,10,0,0
224,0.2,TURN_SNAPSHOT,Tada,,383936,4,0,0
224,0.2,TURN_SNAPSHOT,Date,,211270,10,0,0
224,0.2,TURN_SNAPSHOT,Nori,,0,0,0,0
224,0.2,TURN_SNAPSHOT,Abe,,0,0,0,0
225,3.1,TURN_SNAPSHOT,Tada,,383936,4,0,0
225,3.1,TURN_SNAPSHOT,Date,,211270,10,0,0
225,3.1,TURN_SNAPSHOT,Nori,,0,0,0,0
225,3.1,TURN_SNAPSHOT,Abe,,0,0,0,0
226,0.3,RECRUIT,Date,Mikawa,160,10,0,0
226,0.3,RECRUIT,Date,Mikawa,160,10,0,0
226,0.3,RECRUIT,Date,Mikawa,160,10,0,0
226,0.3,TURN_SNAPSHOT,Tada,,383936,4,0,0
226,0.3,TURN_SNAPSHOT,Date,,235270,10,0,0
226,0.3,TURN_SNAPSHOT,Nori,,0,0,0,0
226,0.3,TURN_SNAPSHOT,Abe,,0,0,0,0
227,2.9,TURN_SNAPSHOT,Tada,,383936,4,0,0
227,2.9,TURN_SNAPSHOT,Date,,235270,10,0,0
227,2.9,TURN_SNAPSHOT,Nori,,0,0,0,0
227,2.9,TURN_SNAPSHOT,Abe,,0,0,0,0
228,0.2,RECRUIT,Date,Mikawa,160,10,0,0
228,0.2,RECRUIT,Date,Mikawa,160,10,0,0
228,0.2,RECRUIT,Date,Mikawa,160,10,0,0
228,0.2,TURN_SNAPSHOT,Tada,,383936,4,0,0
228,0.2,TURN_SNAPSHOT,Date,,259270,10,0,0
228,0.2,TURN_SNAPSHOT,Nori,,0,0,0,0
228,0.2,TURN_SNAPSHOT,Abe,,0,0,0,0
229,0.1,TURN_SNAPSHOT,Tada,,383936,4,0,0
229,0.1,TURN_SNAPSHOT,Date,,259270,10,0,0
229,0.1,TURN_SNAPSHOT,Nori,,0,0,0,0
229,0.1,TURN_SNAPSHOT,Abe,,0,0,0,0
230,2.4,TURN_SNAPSHOT,Tada,,383936,4,0,0
230,2.4,TURN_SNAPSHOT,Date,,259270,10,0,0
230,2.4,TURN_SNAPSHOT,Nori,,0,0,0,0
230,2.4,TURN_SNAPSHOT,Abe,,0,0,0,0
231,0.2,RECRUIT,Date,Mikawa,160,10,0,0
231,0.2,RECRUIT,Date,Mikawa,160,10,0,0
231,0.2,RECRUIT,Date,Mikawa,160,10,0,0
231,0.2,TURN_SNAPSHOT,Tada,,383936,4,0,0
231,0.2,TURN_SNAPSHOT,Date,,283270,10,0,0
231,0.2,TURN_SNAPSHOT,Nori,,0,0,0,0
231,0.2,TURN_SNAPSHOT,Abe,,0,0,0,0
232,2.7,TURN_SNAPSHOT,Tada,,383936,4,0,0
232,2.7,TURN_SNAPSHOT,Date,,283270,10,0,0
232,2.7,TURN_SNAPSHOT,Nori,,0,0,0,0
232,2.7,TURN_SNAPSHOT,Abe,,0,0,0,0
233,0.4,RECRUIT,Date,Mikawa,160,10,0,0
233,0.4,RECRUIT,Date,Mikawa,160,10,0,0
233,0.4,RECRUIT,Date,Mikawa,160,10,0,0
233,0.4,TURN_SNAPSHOT,Tada,,383936,4,0,0
233,0.4,TURN_SNAPSHOT,Date,,307270,10,0,0
233,0.4,TURN_SNAPSHOT,Nori,,0,0,0,0
233,0.4,TURN_SNAPSHOT,Abe,,0,0,0,0
234,3.2,TURN_SNAPSHOT,Tada,,383936,4,0,0
234,3.2,TURN_SNAPSHOT,Date,,307270,10,0,0
234,3.2,TURN_SNAPSHOT,Nori,,0,0,0,0
234,3.2,TURN_SNAPSHOT,Abe,,0,0,0,0
235,0.2,RECRUIT,Date,Mikawa,160,10,0,0
235,0.2,RECRUIT,Date,Mikawa,160,10,0,0
235,0.2,RECRUIT,Date,Mikawa,160,10,0,0
235,0.2,TURN_SNAPSHOT,Tada,,383936,4,0,0
235,0.2,TURN_SNAPSHOT,Date,,331270,10,0,0
235,0.2,TURN_SNAPSHOT,Nori,,0,0,0,0
235,0.2,TURN_SNAPSHOT,Abe,,0,0,0,0
236,0.1,TURN_SNAPSHOT,Tada,,383936,4,0,0
236,0.1,TURN_SNAPSHOT,Date,,331270,10,0,0
236,0.1,TURN_SNAPSHOT,Nori,,0,0,0,0
236,0.1,TURN_SNAPSHOT,Abe,,0,0,0,0
237,3.0,TURN_SNAPSHOT,Tada,,383936,4,0,0
237,3.0,TURN_SNAPSHOT,Date,,331270,10,0,0
237,3.0,TURN_SNAPSHOT,Nori,,0,0,0,0
237,3.0,TURN_SNAPSHOT,Abe,,0,0,0,0
238,0.2,RECRUIT,Date,Mikawa,160,10,0,0
238,0.2,RECRUIT,Date,Mikawa,160,10,0,0
238,0.2,RECRUIT,Date,Mikawa,160,10,0,0
238,0.2,TURN_SNAPSHOT,Tada,,383936,4,0,0
238,0.2,TURN_SNAPSHOT,Date,,355270,10,0,0
238,0.2,TURN_SNAPSHOT,Nori,,0,0,0,0
238,0.2,TURN_SNAPSHOT,Abe,,0,0,0,0
239,4.7,TURN_SNAPSHOT,Tada,,383936,4,0,0
239,4.7,TURN_SNAPSHOT,Date,,355270,10,0,0
239,4.7,TURN_SNAPSHOT,Nori,,0,0,0,0
239,4.7,TURN_SNAPSHOT,Abe,,0,0,0,0
240,1.1,TURN_SNAPSHOT,Tada,,383936,4,0,0
240,1.1,TURN_SNAPSHOT,Date,,355270,10,0,0
240,1.1,TURN_SNAPSHOT,Nori,,0,0,0,0
240,1.1,TURN_SNAPSHOT,Abe,,0,0,0,0
241,0.9,TURN_SNAPSHOT,Tada,,383936,4,0,0
241,0.9,TURN_SNAPSHOT,Date,,355270,10,0,0
241,0.9,TURN_SNAPSHOT,Nori,,0,0,0,0
241,0.9,TURN_SNAPSHOT,Abe,,0,0,0,0
242,1.0,TURN_SNAPSHOT,Tada,,383936,4,0,0
242,1.0,TURN_SNAPSHOT,Date,,355270,10,0,0
242,1.0,TURN_SNAPSHOT,Nori,,0,0,0,0
242,1.0,TURN_SNAPSHOT,Abe,,0,0,0,0
243,1.1,SIEGE_WIN,Date,Owari,3150,11,355270,66
243,1.1,BATTLE_WIN,Date,Owari,169123,11,351980,3567
243,1.1,TURN_SNAPSHOT,Tada,,253841,3,0,0
243,1.1,TURN_SNAPSHOT,Date,,182570,11,0,0
243,1.1,TURN_SNAPSHOT,Nori,,0,0,0,0
243,1.1,TURN_SNAPSHOT,Abe,,0,0,0,0
244,3.7,TURN_SNAPSHOT,Tada,,253841,3,0,0
244,3.7,TURN_SNAPSHOT,Date,,182570,11,0,0
244,3.7,TURN_SNAPSHOT,Nori,,0,0,0,0
244,3.7,TURN_SNAPSHOT,Abe,,0,0,0,0
245,0.2,RECRUIT,Date,Owari,160,11,0,0
245,0.2,RECRUIT,Date,Owari,160,11,0,0
245,0.2,RECRUIT,Date,Owari,160,11,0,0
245,0.2,TURN_SNAPSHOT,Tada,,253841,3,0,0
245,0.2,TURN_SNAPSHOT,Date,,206570,11,0,0
245,0.2,TURN_SNAPSHOT,Nori,,0,0,0,0
245,0.2,TURN_SNAPSHOT,Abe,,0,0,0,0
246,1.8,TURN_SNAPSHOT,Tada,,253841,3,0,0
246,1.8,TURN_SNAPSHOT,Date,,206570,11,0,0
246,1.8,TURN_SNAPSHOT,Nori,,0,0,0,0
246,1.8,TURN_SNAPSHOT,Abe,,0,0,0,0
247,0.2,RECRUIT,Date,Owari,160,11,0,0
247,0.2,RECRUIT,Date,Owari,160,11,0,0
247,0.2,RECRUIT,Date,Owari,160,11,0,0
247,0.2,TURN_SNAPSHOT,Tada,,253841,3,0,0
247,0.2,TURN_SNAPSHOT,Date,,230570,11,0,0
247,0.2,TURN_SNAPSHOT,Nori,,0,0,0,0
247,0.2,TURN_SNAPSHOT,Abe,,0,0,0,0
248,1.6,TURN_SNAPSHOT,Tada,,253841,3,0,0
248,1.6,TURN_SNAPSHOT,Date,,230570,11,0,0
248,1.6,TURN_SNAPSHOT,Nori,,0,0,0,0
248,1.6,TURN_SNAPSHOT,Abe,,0,0,0,0
249,0.2,RECRUIT,Date,Owari,160,11,0,0
249,0.2,RECRUIT,Date,Owari,160,11,0,0
249,0.2,RECRUIT,Date,Owari,160,11,0,0
249,0.2,TURN_SNAPSHOT,Tada,,253841,3,0,0
249,0.2,TURN_SNAPSHOT,Date,,254570,11,0,0
249,0.2,TURN_SNAPSHOT,Nori,,0,0,0,0
249,0.2,TURN_SNAPSHOT,Abe,,0,0,0,0
250,1.5,TURN_SNAPSHOT,Tada,,253841,3,0,0
250,1.5,TURN_SNAPSHOT,Date,,254570,11,0,0
250,1.5,TURN_SNAPSHOT,Nori,,0,0,0,0
250,1.5,TURN_SNAPSHOT,Abe,,0,0,0,0
251,0.2,RECRUIT,Date,Owari,160,11,0,0
251,0.2,RECRUIT,Date,Owari,160,11,0,0
251,0.2,RECRUIT,Date,Owari,160,11,0,0
251,0.2,TURN_SNAPSHOT,Tada,,253841,3,0,0
251,0.2,TURN_SNAPSHOT,Date,,278570,11,0,0
251,0.2,TURN_SNAPSHOT,Nori,,0,0,0,0
251,0.2,TURN_SNAPSHOT,Abe,,0,0,0,0
252,1.4,TURN_SNAPSHOT,Tada,,253841,3,0,0
252,1.4,TURN_SNAPSHOT,Date,,278570,11,0,0
252,1.4,TURN_SNAPSHOT,Nori,,0,0,0,0
252,1.4,TURN_SNAPSHOT,Abe,,0,0,0,0
253,0.1,RECRUIT,Date,Owari,160,11,0,0
253,0.1,RECRUIT,Date,Owari,160,11,0,0
253,0.1,RECRUIT,Date,Owari,160,11,0,0
253,0.1,TURN_SNAPSHOT,Tada,,253841,3,0,0
253,0.1,TURN_SNAPSHOT,Date,,302570,11,0,0
253,0.1,TURN_SNAPSHOT,Nori,,0,0,0,0
253,0.1,TURN_SNAPSHOT,Abe,,0,0,0,0
254,2.5,TURN_SNAPSHOT,Tada,,253841,3,0,0
254,2.5,TURN_SNAPSHOT,Date,,302570,11,0,0
254,2.5,TURN_SNAPSHOT,Nori,,0,0,0,0
254,2.5,TURN_SNAPSHOT,Abe,,0,0,0,0
255,0.2,RECRUIT,Date,Owari,160,11,0,0
255,0.2,RECRUIT,Date,Owari,160,11,0,0
255,0.2,RECRUIT,Date,Owari,160,11,0,0
255,0.2,TURN_SNAPSHOT,Tada,,253841,3,0,0
255,0.2,TURN_SNAPSHOT,Date,,326570,11,0,0
255,0.2,TURN_SNAPSHOT,Nori,,0,0,0,0
255,0.2,TURN_SNAPSHOT,Abe,,0,0,0,0
256,3.4,TURN_SNAPSHOT,Tada,,253841,3,0,0
256,3.4,TURN_SNAPSHOT,Date,,326570,11,0,0
256,3.4,TURN_SNAPSHOT,Nori,,0,0,0,0
256,3.4,TURN_SNAPSHOT,Abe,,0,0,0,0
257,0.2,RECRUIT,Date,Owari,160,11,0,0
257,0.2,RECRUIT,Date,Owari,160,11,0,0
257,0.2,RECRUIT,Date,Owari,160,11,0,0
257,0.2,TURN_SNAPSHOT,Tada,,253841,3,0,0
257,0.2,TURN_SNAPSHOT,Date,,350570,11,0,0
257,0.2,TURN_SNAPSHOT,Nori,,0,0,0,0
257,0.2,TURN_SNAPSHOT,Abe,,0,0,0,0
258,0.1,TURN_SNAPSHOT,Tada,,253841,3,0,0
258,0.1,TURN_SNAPSHOT,Date,,350570,11,0,0
258,0.1,TURN_SNAPSHOT,Nori,,0,0,0,0
258,0.1,TURN_SNAPSHOT,Abe,,0,0,0,0
259,2.5,TURN_SNAPSHOT,Tada,,253841,3,0,0
259,2.5,TURN_SNAPSHOT,Date,,350570,11,0,0
259,2.5,TURN_SNAPSHOT,Nori,,0,0,0,0
259,2.5,TURN_SNAPSHOT,Abe,,0,0,0,0
260,0.2,RECRUIT,Date,Owari,160,11,0,0
260,0.2,RECRUIT,Date,Owari,160,11,0,0
260,0.2,RECRUIT,Date,Owari,160,11,0,0
260,0.2,TURN_SNAPSHOT,Tada,,253841,3,0,0
260,0.2,TURN_SNAPSHOT,Date,,374570,11,0,0
260,0.2,TURN_SNAPSHOT,Nori,,0,0,0,0
260,0.2,TURN_SNAPSHOT,Abe,,0,0,0,0
261,6.9,AMBUSH_WIN,Date,Owari,0,11,0,0
261,6.9,TURN_SNAPSHOT,Tada,,253841,3,0,0
261,6.9,TURN_SNAPSHOT,Date,,374570,11,0,0
261,6.9,TURN_SNAPSHOT,Nori,,0,0,0,0
261,6.9,TURN_SNAPSHOT,Abe,,0,0,0,0
262,1.1,TURN_SNAPSHOT,Tada,,253841,3,0,0
262,1.1,TURN_SNAPSHOT,Date,,374570,11,0,0
262,1.1,TURN_SNAPSHOT,Nori,,0,0,0,0
262,1.1,TURN_SNAPSHOT,Abe,,0,0,0,0
263,1.0,SIEGE_WIN,Date,Kyoto,3150,12,374570,64
263,1.0,BATTLE_WIN,Date,Kyoto,329993,12,371940,6773
263,1.0,TURN_SNAPSHOT,Tada,,0,2,0,0
263,1.0,TURN_SNAPSHOT,Date,,41820,12,0,0
263,1.0,TURN_SNAPSHOT,Nori,,0,0,0,0
263,1.0,TURN_SNAPSHOT,Abe,,0,0,0,0
264,6.4,TURN_SNAPSHOT,Tada,,0,2,0,0
264,6.4,TURN_SNAPSHOT,Date,,41820,12,0,0
264,6.4,TURN_SNAPSHOT,Nori,,0,0,0,0
264,6.4,TURN_SNAPSHOT,Abe,,0,0,0,0
265,0.2,RECRUIT,Date,Kyoto,160,12,0,0
265,0.2,RECRUIT,Date,Kyoto,160,12,0,0
265,0.2,RECRUIT,Date,Kyoto,160,12,0,0
265,0.2,TURN_SNAPSHOT,Tada,,0,2,0,0
265,0.2,TURN_SNAPSHOT,Date,,65820,12,0,0
265,0.2,TURN_SNAPSHOT,Nori,,0,0,0,0
265,0.2,TURN_SNAPSHOT,Abe,,0,0,0,0
266,1.6,TURN_SNAPSHOT,Tada,,0,2,0,0
266,1.6,TURN_SNAPSHOT,Date,,65820,12,0,0
266,1.6,TURN_SNAPSHOT,Nori,,0,0,0,0
266,1.6,TURN_SNAPSHOT,Abe,,0,0,0,0
267,0.1,RECRUIT,Date,Kyoto,160,12,0,0
267,0.1,RECRUIT,Date,Kyoto,160,12,0,0
267,0.1,RECRUIT,Date,Kyoto,160,12,0,0
267,0.1,TURN_SNAPSHOT,Tada,,0,2,0,0
267,0.1,TURN_SNAPSHOT,Date,,89820,12,0,0
267,0.1,TURN_SNAPSHOT,Nori,,0,0,0,0
267,0.1,TURN_SNAPSHOT,Abe,,0,0,0,0
268,1.3,TURN_SNAPSHOT,Tada,,0,2,0,0
268,1.3,TURN_SNAPSHOT,Date,,89820,12,0,0
268,1.3,TURN_SNAPSHOT,Nori,,0,0,0,0
268,1.3,TURN_SNAPSHOT,Abe,,0,0,0,0
269,0.1,RECRUIT,Date,Kyoto,160,12,0,0
269,0.1,RECRUIT,Date,Kyoto,160,12,0,0
269,0.1,RECRUIT,Date,Kyoto,160,12,0,0
269,0.1,TURN_SNAPSHOT,Tada,,0,2,0,0
269,0.1,TURN_SNAPSHOT,Date,,113820,12,0,0
269,0.1,TURN_SNAPSHOT,Nori,,0,0,0,0
269,0.1,TURN_SNAPSHOT,Abe,,0,0,0,0
270,1.9,TURN_SNAPSHOT,Tada,,0,2,0,0
270,1.9,TURN_SNAPSHOT,Date,,113820,12,0,0
270,1.9,TURN_SNAPSHOT,Nori,,0,0,0,0
270,1.9,TURN_SNAPSHOT,Abe,,0,0,0,0
271,0.1,RECRUIT,Date,Kyoto,160,12,0,0
271,0.1,RECRUIT,Date,Kyoto,160,12,0,0
271,0.1,RECRUIT,Date,Kyoto,160,12,0,0
271,0.1,TURN_SNAPSHOT,Tada,,0,2,0,0
271,0.1,TURN_SNAPSHOT,Date,,137820,12,0,0
271,0.1,TURN_SNAPSHOT,Nori,,0,0,0,0
271,0.1,TURN_SNAPSHOT,Abe,,0,0,0,0
272,3.8,TURN_SNAPSHOT,Tada,,0,2,0,0
272,3.8,TURN_SNAPSHOT,Date,,137820,12,0,0
272,3.8,TURN_SNAPSHOT,Nori,,0,0,0,0
272,3.8,TURN_SNAPSHOT,Abe,,0,0,0,0
273,0.2,RECRUIT,Date,Kyoto,160,12,0,0
273,0.2,RECRUIT,Date,Kyoto,160,12,0,0
273,0.2,RECRUIT,Date,Kyoto,160,12,0,0
273,0.2,TURN_SNAPSHOT,Tada,,0,2,0,0
273,0.2,TURN_SNAPSHOT,Date,,161820,12,0,0
273,0.2,TURN_SNAPSHOT,Nori,,0,0,0,0
273,0.2,TURN_SNAPSHOT,Abe,,0,0,0,0
274,2.5,TURN_SNAPSHOT,Tada,,0,2,0,0
274,2.5,TURN_SNAPSHOT,Date,,161820,12,0,0
274,2.5,TURN_SNAPSHOT,Nori,,0,0,0,0
274,2.5,TURN_SNAPSHOT,Abe,,0,0,0,0
275,1.0,TURN_SNAPSHOT,Tada,,0,2,0,0
275,1.0,TURN_SNAPSHOT,Date,,161820,12,0,0
275,1.0,TURN_SNAPSHOT,Nori,,0,0,0,0
275,1.0,TURN_SNAPSHOT,Abe,,0,0,0,0
276,0.9,TURN_SNAPSHOT,Tada,,0,2,0,0
276,0.9,TURN_SNAPSHOT,Date,,161820,12,0,0
276,0.9,TURN_SNAPSHOT,Nori,,0,0,0,0
276,0.9,TURN_SNAPSHOT,Abe,,0,0,0,0
277,1.1,SIEGE_WIN,Date,Omi,3150,13,161820,63
277,1.1,TURN_SNAPSHOT,Tada,,0,1,0,0
277,1.1,TURN_SNAPSHOT,Date,,158670,13,0,0
277,1.1,TURN_SNAPSHOT,Nori,,0,0,0,0
277,1.1,TURN_SNAPSHOT,Abe,,0,0,0,0
278,4.6,TURN_SNAPSHOT,Tada,,0,1,0,0
278,4.6,TURN_SNAPSHOT,Date,,158670,13,0,0
278,4.6,TURN_SNAPSHOT,Nori,,0,0,0,0
278,4.6,TURN_SNAPSHOT,Abe,,0,0,0,0
279,0.2,RECRUIT,Date,Kyoto,160,13,0,0
279,0.2,RECRUIT,Date,Kyoto,160,13,0,0
279,0.2,RECRUIT,Date,Kyoto,160,13,0,0
279,0.2,RECRUIT,Date,Omi,160,13,0,0
279,0.2,RECRUIT,Date,Omi,160,13,0,0
279,0.2,RECRUIT,Date,Omi,160,13,0,0
279,0.2,REBELLION,Date,Kyoto,0,12,0,0
279,0.2,TURN_SNAPSHOT,Tada,,0,1,0,0
279,0.2,TURN_SNAPSHOT,Date,,206670,12,0,0
279,0.2,TURN_SNAPSHOT,Nori,,0,0,0,0
279,0.2,TURN_SNAPSHOT,Abe,,0,0,0,0
280,3.9,TURN_SNAPSHOT,Tada,,0,1,0,0
280,3.9,TURN_SNAPSHOT,Date,,206670,12,0,0
280,3.9,TURN_SNAPSHOT,Nori,,0,0,0,0
280,3.9,TURN_SNAPSHOT,Abe,,0,0,0,0
281,2.2,TURN_SNAPSHOT,Tada,,0,1,0,0
281,2.2,TURN_SNAPSHOT,Date,,206670,12,0,0
281,2.2,TURN_SNAPSHOT,Nori,,0,0,0,0
281,2.2,TURN_SNAPSHOT,Abe,,0,0,0,0
282,1.0,TURN_SNAPSHOT,Tada,,0,1,0,0
282,1.0,TURN_SNAPSHOT,Date,,206670,12,0,0
282,1.0,TURN_SNAPSHOT,Nori,,0,0,0,0
282,1.0,TURN_SNAPSHOT,Abe,,0,0,0,0
283,1.0,TURN_SNAPSHOT,Tada,,0,1,0,0
283,1.0,TURN_SNAPSHOT,Date,,206670,12,0,0
283,1.0,TURN_SNAPSHOT,Nori,,0,0,0,0
283,1.0,TURN_SNAPSHOT,Abe,,0,0,0,0
284,1.2,TURN_SNAPSHOT,Tada,,0,1,0,0
284,1.2,TURN_SNAPSHOT,Date,,206670,12,0,0
284,1.2,TURN_SNAPSHOT,Nori,,0,0,0,0
284,1.2,TURN_SNAPSHOT,Abe,,0,0,0,0
285,2.1,TURN_SNAPSHOT,Tada,,0,1,0,0
285,2.1,TURN_SNAPSHOT,Date,,206670,12,0,0
285,2.1,TURN_SNAPSHOT,Nori,,0,0,0,0
285,2.1,TURN_SNAPSHOT,Abe,,0,0,0,0
286,1.5,TURN_SNAPSHOT,Tada,,0,1,0,0
286,1.5,TURN_SNAPSHOT,Date,,206670,12,0,0
286,1.5,TURN_SNAPSHOT,Nori,,0,0,0,0
286,1.5,TURN_SNAPSHOT,Abe,,0,0,0,0
287,0.9,TURN_SNAPSHOT,Tada,,0,1,0,0
287,0.9,TURN_SNAPSHOT,Date,,206670,12,0,0
287,0.9,TURN_SNAPSHOT,Nori,,0,0,0,0
287,0.9,TURN_SNAPSHOT,Abe,,0,0,0,0
288,0.9,TURN_SNAPSHOT,Tada,,0,1,0,0
288,0.9,TURN_SNAPSHOT,Date,,206670,12,0,0
288,0.9,TURN_SNAPSHOT,Nori,,0,0,0,0
288,0.9,TURN_SNAPSHOT,Abe,,0,0,0,0
289,1.2,TURN_SNAPSHOT,Tada,,0,1,0,0
289,1.2,TURN_SNAPSHOT,Date,,206670,12,0,0
289,1.2,TURN_SNAPSHOT,Nori,,0,0,0,0
289,1.2,TURN_SNAPSHOT,Abe,,0,0,0,0
290,1.0,SIEGE_WIN,Date,Kyoto,900,13,182670,18
290,1.0,TURN_SNAPSHOT,Tada,,0,1,0,0
290,1.0,TURN_SNAPSHOT,Date,,205770,13,0,0
290,1.0,TURN_SNAPSHOT,Nori,,0,0,0,0
290,1.0,TURN_SNAPSHOT,Abe,,0,0,0,0
291,3.2,TURN_SNAPSHOT,Tada,,0,1,0,0
291,3.2,TURN_SNAPSHOT,Date,,205770,13,0,0
291,3.2,TURN_SNAPSHOT,Nori,,0,0,0,0
291,3.2,TURN_SNAPSHOT,Abe,,0,0,0,0
292,0.3,TURN_SNAPSHOT,Tada,,0,1,0,0
292,0.3,TURN_SNAPSHOT,Date,,205770,13,0,0
292,0.3,TURN_SNAPSHOT,Nori,,0,0,0,0
292,0.3,TURN_SNAPSHOT,Abe,,0,0,0,0
293,0.2,TURN_SNAPSHOT,Tada,,0,1,0,0
293,0.2,TURN_SNAPSHOT,Date,,205770,13,0,0
293,0.2,TURN_SNAPSHOT,Nori,,0,0,0,0
293,0.2,TURN_SNAPSHOT,Abe,,0,0,0,0
294,0.2,TURN_SNAPSHOT,Tada,,0,1,0,0
294,0.2,TURN_SNAPSHOT,Date,,205770,13,0,0
294,0.2,TURN_SNAPSHOT,Nori,,0,0,0,0
294,0.2,TURN_SNAPSHOT,Abe,,0,0,0,0
295,0.2,TURN_SNAPSHOT,Tada,,0,1,0,0
295,0.2,TURN_SNAPSHOT,Date,,205770,13,0,0
295,0.2,TURN_SNAPSHOT,Nori,,0,0,0,0
295,0.2,TURN_SNAPSHOT,Abe,,0,0,0,0
296,0.3,TURN_SNAPSHOT,Tada,,0,1,0,0
296,0.3,TURN_SNAPSHOT,Date,,205770,13,0,0
296,0.3,TURN_SNAPSHOT,Nori,,0,0,0,0
296,0.3,TURN_SNAPSHOT,Abe,,0,0,0,0
297,3.2,TURN_SNAPSHOT,Tada,,0,1,0,0
297,3.2,TURN_SNAPSHOT,Date,,205770,13,0,0
297,3.2,TURN_SNAPSHOT,Nori,,0,0,0,0
297,3.2,TURN_SNAPSHOT,Abe,,0,0,0,0
298,0.2,RECRUIT,Date,Kyoto,160,13,0,0
298,0.2,RECRUIT,Date,Kyoto,160,13,0,0
298,0.2,RECRUIT,Date,Kyoto,160,13,0,0
298,0.2,TURN_SNAPSHOT,Tada,,0,1,0,0
298,0.2,TURN_SNAPSHOT,Date,,229770,13,0,0
298,0.2,TURN_SNAPSHOT,Nori,,0,0,0,0
298,0.2,TURN_SNAPSHOT,Abe,,0,0,0,0
299,0.1,TURN_SNAPSHOT,Tada,,0,1,0,0
299,0.1,TURN_SNAPSHOT,Date,,229770,13,0,0
299,0.1,TURN_SNAPSHOT,Nori,,0,0,0,0
299,0.1,TURN_SNAPSHOT,Abe,,0,0,0,0
300,4.9,TURN_SNAPSHOT,Tada,,0,1,0,0
300,4.9,TURN_SNAPSHOT,Date,,229770,13,0,0
300,4.9,TURN_SNAPSHOT,Nori,,0,0,0,0
300,4.9,TURN_SNAPSHOT,Abe,,0,0,0,0
301,0.4,RECRUIT,Date,Kyoto,160,13,0,0
301,0.4,RECRUIT,Date,Kyoto,160,13,0,0
301,0.4,RECRUIT,Date,Kyoto,160,13,0,0
301,0.4,TURN_SNAPSHOT,Tada,,0,1,0,0
301,0.4,TURN_SNAPSHOT,Date,,253770,13,0,0
301,0.4,TURN_SNAPSHOT,Nori,,0,0,0,0
301,0.4,TURN_SNAPSHOT,Abe,,0,0,0,0
302,1.7,TURN_SNAPSHOT,Tada,,0,1,0,0
302,1.7,TURN_SNAPSHOT,Date,,253770,13,0,0
302,1.7,TURN_SNAPSHOT,Nori,,0,0,0,0
302,1.7,TURN_SNAPSHOT,Abe,,0,0,0,0
303,0.2,RECRUIT,Date,Kyoto,160,13,0,0
303,0.2,RECRUIT,Date,Kyoto,160,13,0,0
303,0.2,RECRUIT,Date,Kyoto,160,13,0,0
303,0.2,TURN_SNAPSHOT,Tada,,0,1,0,0
303,0.2,TURN_SNAPSHOT,Date,,277770,13,0,0
303,0.2,TURN_SNAPSHOT,Nori,,0,0,0,0
303,0.2,TURN_SNAPSHOT,Abe,,0,0,0,0
304,1.5,TURN_SNAPSHOT,Tada,,0,1,0,0
304,1.5,TURN_SNAPSHOT,Date,,277770,13,0,0
304,1.5,TURN_SNAPSHOT,Nori,,0,0,0,0
304,1.5,TURN_SNAPSHOT,Abe,,0,0,0,0
305,0.2,RECRUIT,Date,Kyoto,160,13,0,0
305,0.2,RECRUIT,Date,Kyoto,160,13,0,0
305,0.2,RECRUIT,Date,Kyoto,160,13,0,0
305,0.2,TURN_SNAPSHOT,Tada,,0,1,0,0
305,0.2,TURN_SNAPSHOT,Date,,301770,13,0,0
305,0.2,TURN_SNAPSHOT,Nori,,0,0,0,0
305,0.2,TURN_SNAPSHOT,Abe,,0,0,0,0
306,4.2,TURN_SNAPSHOT,Tada,,0,1,0,0
306,4.2,TURN_SNAPSHOT,Date,,301770,13,0,0
306,4.2,TURN_SNAPSHOT,Nori,,0,0,0,0
306,4.2,TURN_SNAPSHOT,Abe,,0,0,0,0
307,1.5,TURN_SNAPSHOT,Tada,,0,1,0,0
307,1.5,TURN_SNAPSHOT,Date,,301770,13,0,0
307,1.5,TURN_SNAPSHOT,Nori,,0,0,0,0
307,1.5,TURN_SNAPSHOT,Abe,,0,0,0,0
308,3.5,SIEGE_WIN,Date,Osaka,3150,14,277770,63
308,3.5,TURN_SNAPSHOT,Tada,,0,0,0,0
308,3.5,TURN_SNAPSHOT,Date,,299340,14,0,0
308,3.5,TURN_SNAPSHOT,Nori,,0,0,0,0
308,3.5,TURN_SNAPSHOT,Abe,,0,0,0,0
309,1.1,TURN_SNAPSHOT,Tada,,0,0,0,0
309,1.1,TURN_SNAPSHOT,Date,,299340,14,0,0
309,1.1,TURN_SNAPSHOT,Nori,,0,0,0,0
309,1.1,TURN_SNAPSHOT,Abe,,0,0,0,0
310,1.2,TURN_SNAPSHOT,Tada,,0,0,0,0
310,1.2,TURN_SNAPSHOT,Date,,299340,14,0,0
310,1.2,TURN_SNAPSHOT,Nori,,0,0,0,0
310,1.2,TURN_SNAPSHOT,Abe,,0,0,0,0
311,2.6,TURN_SNAPSHOT,Tada,,0,0,0,0
311,2.6,TURN_SNAPSHOT,Date,,299340,14,0,0
311,2.6,TURN_SNAPSHOT,Nori,,0,0,0,0
311,2.6,TURN_SNAPSHOT,Abe,,0,0,0,0
312,0.4,TURN_SNAPSHOT,Tada,,0,0,0,0
312,0.4,TURN_SNAPSHOT,Date,,299340,14,0,0
312,0.4,TURN_SNAPSHOT,Nori,,0,0,0,0
312,0.4,TURN_SNAPSHOT,Abe,,0,0,0,0
313,0.2,TURN_SNAPSHOT,Tada,,0,0,0,0
313,0.2,TURN_SNAPSHOT,Date,,299340,14,0,0
313,0.2,TURN_SNAPSHOT,Nori,,0,0,0,0
313,0.2,TURN_SNAPSHOT,Abe,,0,0,0,0
314,0.1,TURN_SNAPSHOT,Tada,,0,0,0,0
314,0.1,TURN_SNAPSHOT,Date,,299340,14,0,0
314,0.1,TURN_SNAPSHOT,Nori,,0,0,0,0
314,0.1,TURN_SNAPSHOT,Abe,,0,0,0,0
315,0.1,TURN_SNAPSHOT,Tada,,0,0,0,0
315,0.1,TURN_SNAPSHOT,Date,,299340,14,0,0
315,0.1,TURN_SNAPSHOT,Nori,,0,0,0,0
315,0.1,TURN_SNAPSHOT,Abe,,0,0,0,0
316,3.5,TURN_SNAPSHOT,Tada,,0,0,0,0
316,3.5,TURN_SNAPSHOT,Date,,299340,14,0,0
316,3.5,TURN_SNAPSHOT,Nori,,0,0,0,0
316,3.5,TURN_SNAPSHOT,Abe,,0,0,0,0
317,1.0,TURN_SNAPSHOT,Tada,,0,0,0,0
317,1.0,TURN_SNAPSHOT,Date,,299340,14,0,0
317,1.0,TURN_SNAPSHOT,Nori,,0,0,0,0
317,1.0,TURN_SNAPSHOT,Abe,,0,0,0,0
318,0.9,TURN_SNAPSHOT,Tada,,0,0,0,0
318,0.9,TURN_SNAPSHOT,Date,,299340,14,0,0
318,0.9,TURN_SNAPSHOT,Nori,,0,0,0,0
318,0.9,TURN_SNAPSHOT,Abe,,0,0,0,0
319,0.8,TURN_SNAPSHOT,Tada,,0,0,0,0
319,0.8,TURN_SNAPSHOT,Date,,299340,14,0,0
319,0.8,TURN_SNAPSHOT,Nori,,0,0,0,0
319,0.8,TURN_SNAPSHOT,Abe,,0,0,0,0
320,1.2,TURN_SNAPSHOT,Tada,,0,0,0,0
320,1.2,TURN_SNAPSHOT,Date,,299340,15,0,0
320,1.2,TURN_SNAPSHOT,Nori,,0,0,0,0
320,1.2,TURN_SNAPSHOT,Abe,,0,0,0,0
321,2.2,TURN_SNAPSHOT,Tada,,0,0,0,0
321,2.2,TURN_SNAPSHOT,Date,,299340,15,0,0
321,2.2,TURN_SNAPSHOT,Nori,,0,0,0,0
321,2.2,TURN_SNAPSHOT,Abe,,0,0,0,0
322,1.0,TURN_SNAPSHOT,Tada,,0,0,0,0
322,1.0,TURN_SNAPSHOT,Date,,299340,15,0,0
322,1.0,TURN_SNAPSHOT,Nori,,0,0,0,0
322,1.0,TURN_SNAPSHOT,Abe,,0,0,0,0
323,1.0,TURN_SNAPSHOT,Tada,,0,0,0,0
323,1.0,TURN_SNAPSHOT,Date,,299340,15,0,0
323,1.0,TURN_SNAPSHOT,Nori,,0,0,0,0
323,1.0,TURN_SNAPSHOT,Abe,,0,0,0,0
324,1.0,TURN_SNAPSHOT,Tada,,0,0,0,0
324,1.0,TURN_SNAPSHOT,Date,,299340,16,0,0
324,1.0,TURN_SNAPSHOT,Nori,,0,0,0,0
324,1.0,TURN_SNAPSHOT,Abe,,0,0,0,0
